"","Perm_1","Perm_2","Perm_3","Perm_4","Perm_5","Perm_6","Perm_7","Perm_8"
"AAACATACAATGCC.1_B",0,0,0,0,1,0,0,0
"AAACATACACGCAT.1_B",0,1,0,1,1,0,0,0
"AAACATACGAATAG.1_B",0,1,0,1,1,0,0,0
"AAACATACGGTGTT.1_B",0,1,0,1,1,0,0,0
"AAACATACGTGTCA.1_B",0,1,0,1,1,0,0,0
"AAACATACTCTTAC.1_B",0,1,0,1,1,0,0,0
"AAACATTGCTGATG.1_B",0,1,0,1,1,0,0,0
"AAACATTGGCCCTT.1_B",0,1,0,1,1,0,0,0
"AAACATTGGTGCAT.1_B",0,1,0,1,1,0,0,0
"AAACATTGTTTGGG.1_B",0,1,0,1,1,0,0,0
"AAACCGTGACGGTT.1_B",0,1,0,1,1,0,0,0
"AAACCGTGCTCCAC.1_B",0,1,0,1,1,0,0,0
"AAACCGTGCTCGCT.1_B",0,1,0,1,0,0,0,0
"AAACCGTGGGGACA.1_B",0,1,0,1,1,0,0,0
"AAACCGTGTGCATG.1_B",0,1,0,1,1,0,0,0
"AAACGCACATCACG.1_B",0,1,0,1,1,0,0,0
"AAACGCACCCAGTA.1_B",0,1,0,1,1,0,0,0
"AAACGCACGCCCTT.1_B",0,1,0,1,1,0,0,0
"AAACGCACGTACCA.1_B",0,0,0,0,1,0,0,0
"AAACGCACGTGTAC.1_B",0,1,0,1,1,0,0,0
"AAACGCACTCACCC.1_B",0,1,0,1,1,0,0,0
"AAACGCACTTCACT.1_B",0,1,0,1,1,0,0,0
"AAACGCACTTCCAT.1_B",0,1,0,1,1,0,0,0
"AAACGCTGATCTTC.1_B",0,1,0,1,1,0,0,0
"AAACGCTGCCCTCA.1_B",0,1,0,1,1,0,0,0
"AAACGCTGCCTACC.1_B",0,1,0,1,1,0,0,0
"AAACGCTGCTGTAG.1_B",0,1,0,1,1,0,0,0
"AAACGCTGCTTCTA.1_B",0,1,0,1,1,0,0,0
"AAACGCTGGCCTTC.1_B",0,1,0,1,1,0,0,0
"AAACGGCTAGCCTA.1_B",0,1,0,1,1,0,0,0
"AAACGGCTGCATAC.1_B",0,1,0,1,1,0,0,0
"AAACGGCTGTTACG.1_B",0,1,0,1,1,0,0,0
"AAACGGCTTGTCAG.1_B",0,1,0,1,1,0,0,0
"AAACTTGAACGCTA.1_B",0,1,0,1,1,0,0,0
"AAACTTGAACGTAC.1_B",0,1,0,1,1,0,0,0
"AAACTTGATCCTTA.1_B",0,1,0,1,1,0,0,0
"AAACTTGATCTTAC.1_B",0,0,0,0,1,0,0,0
"AAACTTGATGCCCT.1_B",0,1,0,1,1,0,0,0
"AAACTTGATTTACC.1_B",0,1,0,1,1,0,0,0
"AAACTTGATTTGGG.1_B",0,1,0,1,1,0,0,0
"AAAGACGAACAGTC.1_B",0,1,0,1,1,0,0,0
"AAAGACGACAATCG.1_B",0,1,0,1,1,0,0,0
"AAAGACGACAGAGG.1_B",0,1,0,1,1,0,0,0
"AAAGACGACCAATG.1_B",0,1,0,1,1,0,0,0
"AAAGACGACCTTAT.1_B",0,1,0,1,1,0,0,0
"AAAGACGAGTGCTA.1_B",0,1,0,1,1,0,0,0
"AAAGACGATAAGGA.1_B",0,1,0,1,1,0,0,0
"AAAGACGATGTCGA.1_B",0,1,0,1,1,0,0,0
"AAAGACGATTGCTT.1_B",0,1,0,1,1,0,0,0
"AAAGAGACAAACGA.1_B",0,0,0,0,0,0,0,0
"AAAGAGACCAGTCA.1_B",0,1,0,1,1,0,0,0
"AAAGAGACCGTCTC.1_B",0,1,0,1,1,0,0,0
"AAAGAGACGAACTC.1_B",0,1,0,1,1,0,0,0
"AAAGAGACTGAAGA.1_B",0,1,0,1,1,0,0,0
"AAAGATCTACCAAC.1_B",0,1,0,1,1,0,0,0
"AAAGATCTAGGAGC.1_B",0,1,0,1,1,0,0,0
"AAAGATCTCCGAAT.1_B",0,0,0,0,1,0,0,0
"AAAGATCTGGTCTA.1_B",0,1,0,1,1,0,0,0
"AAAGATCTGTGCAT.1_B",0,1,0,1,1,0,0,0
"AAAGATCTTCGTAG.1_B",0,1,0,1,1,0,0,0
"AAAGATCTTCTTAC.1_B",0,1,0,1,1,0,0,0
"AAAGATCTTGATGC.1_B",0,1,0,1,1,0,0,0
"AAAGCAGAACCAAC.1_B",0,1,0,1,1,0,0,0
"AAAGCAGAGTACGT.1_B",0,0,0,0,0,0,0,0
"AAAGCAGATATCGG.1_B",0,1,0,1,1,0,0,0
"AAAGCAGATTATCC.1_B",0,1,0,1,1,0,0,0
"AAAGCCTGAGGGTG.1_B",0,1,0,1,1,0,0,0
"AAAGCCTGATGACC.1_B",0,1,0,1,1,0,0,0
"AAAGCCTGCCTTCG.1_B",0,1,0,1,1,0,0,0
"AAAGCCTGGAACCT.1_B",0,1,0,1,1,0,0,0
"AAAGCCTGGTCACA.1_B",0,1,0,1,1,0,0,0
"AAAGCCTGTAACCG.1_B",0,0,0,0,0,0,0,0
"AAAGCCTGTTCATC.1_B",0,0,0,0,1,0,0,0
"AAAGGCCTCATTCT.1_B",0,1,0,1,1,0,0,0
"AAAGGCCTCCTGTC.1_B",0,1,0,1,1,0,0,0
"AAAGGCCTCGAGTT.1_B",0,1,0,1,1,0,0,0
"AAAGGCCTGGCATT.1_B",0,1,0,1,1,0,0,0
"AAAGGCCTGGTTCA.1_B",0,1,0,1,1,0,0,0
"AAAGGCCTTATTCC.1_B",0,0,0,0,1,0,0,0
"AAAGGCCTTTCCAT.1_B",0,1,0,1,1,0,0,0
"AAAGTTTGATGGTC.1_B",0,1,0,1,1,0,0,0
"AAAGTTTGCTTCCG.1_B",0,1,0,1,1,0,0,0
"AAAGTTTGTCCTAT.1_B",0,1,0,1,1,0,0,0
"AAAGTTTGTGCAGT.1_B",0,1,0,1,1,0,0,0
"AAATACTGCCATGA.1_B",0,1,0,1,1,0,0,0
"AAATACTGGTACAC.1_B",0,1,0,1,1,0,0,0
"AAATACTGTTACTC.1_B",0,1,0,1,1,0,0,0
"AAATACTGTTGACG.1_B",0,1,0,1,1,0,0,0
"AAATCAACACACTG.1_B",0,1,0,1,1,0,0,0
"AAATCAACACCCAA.1_B",0,1,0,1,1,0,0,0
"AAATCAACATGTCG.1_B",0,1,0,1,1,0,0,0
"AAATCAACCCAATG.1_B",0,1,0,1,1,0,0,0
"AAATCAACGGGAGT.1_B",0,1,0,1,1,0,0,0
"AAATCAACTCCAGA.1_B",0,1,0,1,1,0,0,0
"AAATCAACTTTACC.1_B",0,1,0,1,1,0,0,0
"AAATCATGACTGGT.1_B",0,1,0,1,1,0,0,0
"AAATCATGAGTCGT.1_B",0,1,0,1,1,0,0,0
"AAATCATGCATACG.1_B",0,1,0,1,1,0,0,0
"AAATCATGCCGCTT.1_B",0,1,0,1,1,0,0,0
"AAATCATGCGTTGA.1_B",0,1,0,1,1,0,0,0
"AAACATACCACTAG.1_M",0,1,0,1,0,1,0,0
"AAACATACGTTCAG.1_M",0,1,0,1,0,1,0,0
"AAACATTGACGGTT.1_M",0,1,0,1,0,1,0,0
"AAACATTGCTTCGC.1_M",0,1,0,1,0,1,0,0
"AAACATTGGGCAAG.1_M",0,1,0,1,0,1,0,0
"AAACATTGTTTGTC.1_M",0,0,0,0,0,0,0,0
"AAACGCACGGACTT.1_M",0,0,0,0,0,1,0,0
"AAACGGCTACGGAG.1_M",0,1,0,1,0,1,0,0
"AAACGGCTAGTCAC.1_M",0,1,0,1,0,1,0,0
"AAACGGCTCAGCTA.1_M",0,1,0,1,0,1,0,0
"AAAGACGACCGTAA.1_M",0,1,0,1,0,1,0,0
"AAAGACGACTCGCT.1_M",0,1,0,1,0,1,0,0
"AAAGACGAGGTAAA.1_M",0,1,0,1,0,1,0,0
"AAAGACGATCAAGC.1_M",0,1,0,1,0,1,0,0
"AAAGATCTTGCATG.1_M",0,1,0,1,0,1,0,0
"AAAGCAGAGATAGA.1_M",0,1,0,1,0,1,0,0
"AAAGCCTGCAACCA.1_M",0,1,0,1,0,1,0,0
"AAAGCCTGTGCTCC.1_M",0,1,0,1,0,1,0,0
"AAAGGCCTCGCAAT.1_M",0,1,0,1,0,1,0,0
"AAATACTGACAGTC.1_M",0,1,0,1,0,1,0,0
"AAATACTGACGGTT.1_M",0,1,0,1,0,1,0,0
"AAATACTGTGGATC.1_M",0,0,0,0,0,1,0,0
"AAATCAACTTGTCT.1_M",0,1,0,1,0,1,0,0
"AAATCATGTAGCGT.1_M",0,1,0,1,0,1,0,0
"AAATCCCTGCTGTA.1_M",0,1,0,1,0,1,0,0
"AAATCCCTGTTCTT.1_M",0,1,0,1,0,1,0,0
"AAATCTGAAACCAC.1_M",0,1,0,1,0,1,0,0
"AAATCTGACTCATT.1_M",0,1,0,1,0,1,0,0
"AAATCTGAGCTACA.1_M",0,1,0,1,0,1,0,0
"AAATCTGATCACGA.1_M",0,1,0,1,0,1,0,0
"AAATGGGAAGTAGA.1_M",0,1,0,1,0,1,0,0
"AAATGGGACGAATC.1_M",0,0,0,0,0,0,0,0
"AAATGGGATAACGC.1_M",0,1,0,1,0,1,0,0
"AAATGGGATAGTCG.1_M",0,1,0,1,0,1,0,0
"AAATGTTGAGAACA.1_M",0,1,0,1,0,1,0,0
"AAATTGACAGGGTG.1_M",0,1,0,1,0,1,0,0
"AAATTGACTGGGAG.1_M",0,1,0,1,0,1,0,0
"AAATTGACTGTCCC.1_M",0,1,0,1,0,1,0,0
"AACAAACTCAATCG.1_M",0,1,0,1,0,1,0,0
"AACAAACTCTTGTT.1_M",0,0,0,0,0,1,0,0
"AACACGTGAAGAAC.1_M",0,0,0,0,0,1,0,0
"AACACTCTGCGTAT.1_M",0,1,0,1,0,1,0,0
"AACAGAGACGCTAA.1_M",0,1,0,1,0,1,0,0
"AACAGAGATCATTC.1_M",0,1,0,1,0,1,0,0
"AACAGCACAAGCAA.1_M",0,1,0,1,0,1,0,0
"AACAGCACGTATCG.1_M",0,1,0,1,0,1,0,0
"AACATATGACAGTC.1_M",0,1,0,1,0,1,0,0
"AACATATGCTCCAC.1_M",0,1,0,1,0,1,0,0
"AACATATGGCAGAG.1_M",0,1,0,1,0,1,0,0
"AACATATGGTATCG.1_M",0,0,0,0,0,1,0,0
"AACATTGATCGATG.1_M",0,1,0,1,0,1,0,0
"AACCACGAAATGCC.1_M",0,1,0,1,0,1,0,0
"AACCAGTGCTTCGC.1_M",0,1,0,1,0,1,0,0
"AACCAGTGGACACT.1_M",0,1,0,1,0,1,0,0
"AACCAGTGTCCAGA.1_M",0,1,0,1,0,1,0,0
"AACCCAGACCTTTA.1_M",0,1,0,1,0,1,0,0
"AACCGATGACCTAG.1_M",0,1,0,1,0,1,0,0
"AACCGATGGGGATG.1_M",0,1,0,1,0,1,0,0
"AACCGCCTTCGTGA.1_M",0,1,0,1,0,1,0,0
"AACCGCCTTGAGAA.1_M",0,1,0,1,0,1,0,0
"AACCGCCTTTCACT.1_M",0,1,0,1,0,1,0,0
"AACCTACTTGATGC.1_M",0,1,0,1,0,1,0,0
"AACCTTACGACAGG.1_M",0,1,0,1,0,1,0,0
"AACCTTACGCCCTT.1_M",0,0,0,0,0,1,0,0
"AACCTTTGTTGTGG.1_M",0,1,0,1,0,1,0,0
"AACGCAACTAAGGA.1_M",0,1,0,1,0,1,0,0
"AACGCATGCGTTGA.1_M",0,1,0,1,0,1,0,0
"AACGCATGCTGAAC.1_M",0,1,0,1,0,1,0,0
"AACGCCCTCCCAAA.1_M",0,1,0,1,0,1,0,0
"AACGGTACAAGGCG.1_M",0,0,0,0,0,1,0,0
"AACGGTACCTGTGA.1_M",0,1,0,1,0,1,0,0
"AACGGTACTATGCG.1_M",0,1,0,1,0,1,0,0
"AACGGTTGGCCATA.1_M",0,1,0,1,0,1,0,0
"AACGGTTGTCTACT.1_M",0,1,0,1,0,1,0,0
"AACGTCGAAAGTAG.1_M",0,1,0,1,0,1,0,0
"AACGTCGACTCTTA.1_M",0,1,0,1,0,1,0,0
"AACGTCGAGGCATT.1_M",0,1,0,1,0,1,0,0
"AACGTGTGATTGGC.1_M",0,1,0,1,0,1,0,0
"AACGTGTGCCAACA.1_M",0,1,0,1,0,1,0,0
"AACGTTCTCACTTT.1_M",0,1,0,1,0,1,0,0
"AACGTTCTGCGGAA.1_M",0,1,0,1,0,1,0,0
"AACGTTCTGGCAAG.1_M",0,1,0,1,0,1,0,0
"AACTACCTGATACC.1_M",0,0,0,0,0,1,0,0
"AACTACCTGTCATG.1_M",0,1,0,1,0,1,0,0
"AACTCACTCGTTGA.1_M",0,1,0,1,0,1,0,0
"AACTCACTCTTGGA.1_M",0,0,0,0,0,1,0,0
"AACTCGGAATACCG.1_M",0,1,0,1,0,1,0,0
"AACTCTTGACTAGC.1_M",0,1,0,1,0,1,0,0
"AACTCTTGGATGAA.1_M",0,0,0,0,0,1,0,0
"AACTGTCTAGTGCT.1_M",0,1,0,1,0,1,0,0
"AACTGTCTCCTTTA.1_M",0,1,0,1,0,1,0,0
"AACTGTCTTCTAGG.1_M",0,0,0,0,0,1,0,0
"AACTTGCTCCTTAT.1_M",0,1,0,1,0,1,0,0
"AACTTGCTGGAAAT.1_M",0,1,0,1,0,1,0,0
"AAGAAGACCTTGGA.1_M",0,0,0,0,0,1,0,0
"AAGAATCTCTGATG.1_M",0,0,0,0,0,1,0,0
"AAGAATCTTACTTC.1_M",0,1,0,1,0,1,0,0
"AAGAATCTTCTGGA.1_M",0,1,0,1,0,1,0,0
"AAGACAGACGCAAT.1_M",0,1,0,1,0,1,0,0
"AAGAGATGGAAAGT.1_M",0,1,0,1,0,1,0,0
"AAACATACATTCTC.1_S",0,0,0,0,0,1,0,0
"AAACATTGCGATAC.1_S",0,0,0,0,0,1,0,0
"AAACATTGCGTCTC.1_S",0,0,0,0,0,1,0,0
"AAACATTGGCCAAT.1_S",0,0,0,0,0,1,0,0
"AAACATTGGCCATA.1_S",0,0,0,0,0,1,0,0
"AAACATTGGTACGT.1_S",0,0,0,0,0,1,0,0
"AAACATTGTCCCGT.1_S",0,0,0,0,0,1,0,0
"AAACCGTGACCTTT.1_S",0,0,0,0,0,1,0,0
"AAACCGTGTCAGTG.1_S",0,1,0,1,0,0,0,0
"AAACCGTGTCGTGA.1_S",0,1,0,1,1,0,0,0
"AAACGCACAGAGGC.1_S",0,0,0,0,0,1,0,0
"AAACGCACCACAAC.1_S",0,1,0,1,1,0,0,0
"AAACGCACCAGTTG.1_S",0,0,0,0,0,1,0,0
"AAACGCACTCTCGC.1_S",0,0,0,0,0,1,0,0
"AAACGCACTTCTAC.1_S",0,1,0,1,0,0,0,0
"AAACGCACTTTCTG.1_S",0,0,0,0,0,1,0,0
"AAACGCTGAACCAC.1_S",0,1,0,1,1,0,0,0
"AAACGCTGAACTGC.1_S",0,0,0,0,0,0,0,0
"AAACGCTGCATCAG.1_S",0,0,0,0,0,1,0,0
"AAACGCTGGTAAGA.1_S",0,0,0,0,0,1,0,0
"AAACGCTGTCTTTG.1_S",0,0,0,0,0,0,0,0
"AAACGCTGTTTCGT.1_S",0,0,0,0,0,0,0,0
"AAACGGCTCAGCTA.1_S",0,0,0,0,0,1,0,0
"AAACGGCTGCTGAT.1_S",0,0,0,0,0,1,0,0
"AAACGGCTGGGATG.1_S",0,1,0,1,1,0,0,0
"AAACTTGAAAACGA.1_S",0,0,0,0,0,1,0,0
"AAACTTGAACCACA.1_S",0,1,0,1,1,0,0,0
"AAACTTGAATCGAC.1_S",0,0,0,0,0,1,0,0
"AAACTTGAGACAAA.1_S",0,0,0,0,0,1,0,0
"AAACTTGAGAGGTG.1_S",0,0,0,0,0,1,0,0
"AAACTTGAGTCTTT.1_S",0,0,0,0,0,1,0,0
"AAACTTGAGTTTCT.1_S",0,0,0,0,0,1,0,0
"AAACTTGATAAGCC.1_S",0,0,0,0,0,1,0,0
"AAACTTGATTGTCT.1_S",0,0,0,0,0,1,0,0
"AAAGACGAAAGAGT.1_S",0,1,0,1,1,0,0,0
"AAAGACGAACTTTC.1_S",0,1,0,1,0,0,0,0
"AAAGACGAAGGCGA.1_S",0,0,0,0,0,0,0,0
"AAAGACGAAGTGTC.1_S",0,0,0,0,1,0,0,0
"AAAGACGACACCAA.1_S",0,0,0,0,0,1,0,0
"AAAGACGACCACAA.1_S",0,0,0,0,0,1,0,0
"AAAGACGACCGATA.1_S",0,0,0,0,0,1,0,0
"AAAGACGAGATAAG.1_S",0,1,0,1,0,1,0,0
"AAAGACGAGGTATC.1_S",0,0,0,0,0,1,0,0
"AAAGACGATAGACC.1_S",0,1,0,1,1,0,0,0
"AAAGAGACAGAACA.1_S",0,0,0,0,0,1,0,0
"AAAGAGACATCTCT.1_S",0,0,0,0,0,1,0,0
"AAAGATCTACACCA.1_S",0,0,0,0,1,0,0,0
"AAAGATCTACTCTT.1_S",0,1,0,1,0,0,0,0
"AAAGATCTCACTTT.1_S",0,0,0,0,0,0,0,0
"AAAGATCTGCCCTT.1_S",0,1,0,1,0,0,0,0
"AAAGATCTGCTTCC.1_S",0,1,0,1,1,0,0,0
"AAAGATCTGTATCG.1_S",0,1,0,1,0,0,0,0
"AAAGATCTTGATGC.1_S",0,0,0,0,0,1,0,0
"AAAGCAGACACTTT.1_S",0,0,0,0,0,0,0,0
"AAAGCAGACCGTAA.1_S",0,0,0,0,0,0,0,0
"AAAGCAGACCTCAC.1_S",0,0,0,0,0,1,0,0
"AAAGCAGACTTACT.1_S",0,0,0,0,0,1,0,0
"AAAGCAGAGGACAG.1_S",0,0,0,0,0,0,0,0
"AAAGCAGATTATCC.1_S",0,0,0,0,0,0,0,0
"AAAGCCTGATCGGT.1_S",0,0,0,0,0,1,0,0
"AAAGCCTGCAGGAG.1_S",0,0,0,0,0,0,0,0
"AAAGCCTGCTAGCA.1_S",0,0,0,0,0,0,0,0
"AAAGCCTGGAAGGC.1_S",0,0,0,0,0,0,0,0
"AAAGCCTGGCATAC.1_S",0,0,0,0,0,0,0,0
"AAAGCCTGGTCACA.1_S",0,0,0,0,0,1,0,0
"AAAGCCTGGTTCGA.1_S",0,0,0,0,0,0,0,0
"AAAGGCCTATTCGG.1_S",0,0,0,0,0,0,0,0
"AAAGGCCTCGTAGT.1_S",0,0,0,0,0,0,0,0
"AAAGGCCTTATGCG.1_S",0,0,0,0,0,1,0,0
"AAAGGCCTTCTTTG.1_S",0,0,0,0,0,1,0,0
"AAAGTTTGAAAGTG.1_S",0,0,0,0,0,1,0,0
"AAAGTTTGGATACC.1_S",0,1,0,1,0,0,0,0
"AAAGTTTGGTAAAG.1_S",0,0,0,0,0,0,0,0
"AAAGTTTGGTTACG.1_S",0,0,0,0,0,1,0,0
"AAAGTTTGTCGATG.1_S",0,0,0,0,0,0,0,0
"AAAGTTTGTGGATC.1_S",0,0,0,0,0,1,0,0
"AAATACTGAGTGTC.1_S",0,0,0,0,0,0,0,0
"AAATACTGGGTGGA.1_S",0,1,0,1,1,0,0,0
"AAATACTGGGTTAC.1_S",0,0,0,0,0,1,0,0
"AAATCAACCTAGAC.1_S",0,0,0,0,0,1,0,0
"AAATCAACCTTACT.1_S",0,0,0,0,0,1,0,0
"AAATCAACGAGGTG.1_S",0,0,0,0,0,1,0,0
"AAATCAACGGAAGC.1_S",0,0,0,0,0,1,0,0
"AAATCAACGTTAGC.1_S",0,0,0,0,0,1,0,0
"AAATCATGCCGATA.1_S",0,0,0,0,0,1,0,0
"AAATCATGGAGCAG.1_S",0,1,0,1,1,0,0,0
"AAATCATGGAGGCA.1_S",0,0,0,0,0,1,0,0
"AAATCATGGCAGAG.1_S",0,0,0,0,0,0,0,0
"AAATCATGGTTGTG.1_S",0,0,0,0,0,1,0,0
"AAATCATGTAAGCC.1_S",0,0,0,0,0,1,0,0
"AAATCATGTAGACC.1_S",0,1,0,1,1,0,0,0
"AAATCATGTCCAAG.1_S",0,0,0,0,0,1,0,0
"AAATCCCTACTTTC.1_S",0,0,0,0,0,1,0,0
"AAATCCCTCGTAAC.1_S",0,0,0,0,0,0,0,0
"AAATCCCTCTTCGC.1_S",0,0,0,0,0,1,0,0
"AAATCCCTGAAACA.1_S",0,0,0,0,0,1,0,0
"AAATCCCTGAGGGT.1_S",0,0,0,0,0,0,0,0
"AAATCCCTGTACAC.1_S",0,0,0,0,0,1,0,0
"AAATCTGAAACGTC.1_S",0,0,0,0,0,1,0,0
"AAATCTGACTAGTG.1_S",0,0,0,0,0,0,0,0
"AAACATACCCAATG.1_NK",0,0,0,0,0,0,0,0
"AAACATACGACGTT.1_NK",0,0,0,0,0,0,0,0
"AAACATACTCACCC.1_NK",0,0,0,0,0,0,0,0
"AAACATACTCAGAC.1_NK",0,0,0,0,0,0,0,0
"AAACATTGAACAGA.1_NK",0,0,0,0,0,0,0,0
"AAACATTGGACTAC.1_NK",0,0,0,0,0,0,0,0
"AAACATTGGTCATG.1_NK",0,0,0,0,0,0,0,0
"AAACATTGGTTCGA.1_NK",0,0,0,0,0,0,0,0
"AAACATTGTGCAGT.1_NK",0,0,0,0,0,0,0,0
"AAACATTGTTTCAC.1_NK",0,0,0,0,0,0,0,0
"AAACCGTGACGCTA.1_NK",0,0,0,0,0,0,0,0
"AAACCGTGACGGAG.1_NK",0,0,0,0,0,0,0,0
"AAACCGTGATACCG.1_NK",0,0,0,0,0,0,0,0
"AAACCGTGCAGCTA.1_NK",0,0,0,0,0,0,0,0
"AAACCGTGCCGTTC.1_NK",0,0,0,0,0,0,0,0
"AAACCGTGCTCAAG.1_NK",0,0,0,0,0,0,0,0
"AAACCGTGGCTATG.1_NK",0,0,0,0,0,0,0,0
"AAACCGTGTGGATC.1_NK",0,0,0,0,0,0,0,0
"AAACCGTGTGTCTT.1_NK",0,0,0,0,0,0,0,0
"AAACCGTGTTGAGC.1_NK",0,0,0,0,0,0,0,0
"AAACGCACAGCCTA.1_NK",0,0,0,0,0,0,0,0
"AAACGCACCTGGTA.1_NK",0,0,0,0,0,0,0,0
"AAACGCACTAAGCC.1_NK",0,0,0,0,0,0,0,0
"AAACGCACTAGACC.1_NK",0,0,0,0,0,0,0,0
"AAACGCACTCTCCG.1_NK",0,0,0,0,0,0,0,0
"AAACGCACTTCAGG.1_NK",0,0,0,0,0,0,0,0
"AAACGCTGCCCTCA.1_NK",0,0,0,0,0,0,0,0
"AAACGCTGGACTAC.1_NK",0,0,0,0,0,0,0,0
"AAACGGCTAAACAG.1_NK",0,0,0,0,0,0,0,0
"AAACGGCTCCGTTC.1_NK",0,0,0,0,0,0,0,0
"AAACGGCTGTCAAC.1_NK",0,0,0,0,0,0,0,0
"AAACGGCTTAACCG.1_NK",0,0,0,0,0,0,0,0
"AAACGGCTTCTTAC.1_NK",0,0,0,0,0,0,0,0
"AAACGGCTTGGCAT.1_NK",0,0,0,0,0,0,0,0
"AAACTTGAAAGGGC.1_NK",0,0,0,0,0,0,0,0
"AAACTTGACCTTAT.1_NK",0,0,0,0,0,0,0,0
"AAACTTGACTGTAG.1_NK",0,0,0,0,0,0,0,0
"AAACTTGAGCCTTC.1_NK",0,0,0,0,0,0,0,0
"AAACTTGAGTCATG.1_NK",0,0,0,0,0,0,0,0
"AAACTTGATCCCGT.1_NK",0,0,0,0,0,0,0,0
"AAACTTGATGGTCA.1_NK",0,0,0,0,0,0,0,0
"AAAGACGACTCTCG.1_NK",0,0,0,0,0,0,0,0
"AAAGACGATAACGC.1_NK",0,0,0,0,0,0,0,0
"AAAGACGATACGAC.1_NK",0,0,0,0,0,0,0,0
"AAAGACGATAGTCG.1_NK",0,0,0,0,0,0,0,0
"AAAGACGATATTCC.1_NK",0,0,0,0,0,0,0,0
"AAAGACGATTCACT.1_NK",0,0,0,0,0,0,0,0
"AAAGAGACAGTTCG.1_NK",0,0,0,0,0,0,0,0
"AAAGAGACATAAGG.1_NK",0,0,0,0,0,0,0,0
"AAAGAGACATGACC.1_NK",0,0,0,0,0,0,0,0
"AAAGAGACCATCAG.1_NK",0,0,0,0,0,0,0,0
"AAAGAGACCCCACT.1_NK",0,0,0,0,0,0,0,0
"AAAGAGACCTAGCA.1_NK",0,0,0,0,0,0,0,0
"AAAGAGACGTACAC.1_NK",0,0,0,0,0,0,0,0
"AAAGAGACGTAGGG.1_NK",0,0,0,0,0,0,0,0
"AAAGATCTACTTTC.1_NK",0,0,0,0,0,0,0,0
"AAAGATCTCTTCCG.1_NK",0,0,0,0,0,0,0,0
"AAAGATCTGCCAAT.1_NK",0,0,0,0,0,0,0,0
"AAAGATCTTTTCTG.1_NK",0,0,0,0,0,0,0,0
"AAAGCAGAAGCACT.1_NK",0,0,0,0,0,0,0,0
"AAAGCAGAGGTGGA.1_NK",0,0,0,0,0,0,0,0
"AAAGCAGATGCAAC.1_NK",0,0,0,0,0,0,0,0
"AAAGCAGATGGTTG.1_NK",0,0,0,0,0,0,0,0
"AAAGCCTGGATGAA.1_NK",0,0,0,0,0,0,0,0
"AAAGCCTGGTGAGG.1_NK",0,0,0,0,0,0,0,0
"AAAGCCTGTACTCT.1_NK",0,0,0,0,0,0,0,0
"AAAGGCCTAGTACC.1_NK",0,0,0,0,0,0,0,0
"AAAGGCCTATCACG.1_NK",0,0,0,0,0,0,0,0
"AAAGGCCTATTGGC.1_NK",0,0,0,0,0,0,0,0
"AAAGGCCTCGACTA.1_NK",0,0,0,0,0,0,0,0
"AAAGGCCTCTACGA.1_NK",0,0,0,0,0,0,0,0
"AAAGGCCTCTGGTA.1_NK",0,0,0,0,0,0,0,0
"AAAGGCCTCTTCCG.1_NK",0,0,0,0,0,0,0,0
"AAAGGCCTGCCTTC.1_NK",0,0,0,0,0,0,0,0
"AAAGTTTGAAGTGA.1_NK",0,0,0,0,0,0,0,0
"AAAGTTTGAGTGTC.1_NK",0,0,0,0,0,0,0,0
"AAAGTTTGTCCTAT.1_NK",0,0,0,0,0,0,0,0
"AAAGTTTGTGCCTC.1_NK",0,0,0,0,0,0,0,0
"AAAGTTTGTGGGAG.1_NK",0,0,0,0,0,0,0,0
"AAATACTGCATCAG.1_NK",0,0,0,0,0,0,0,0
"AAATACTGCTTGTT.1_NK",0,0,0,0,0,0,0,0
"AAATACTGGCGAAG.1_NK",0,0,0,0,0,0,0,0
"AAATACTGGCTAAC.1_NK",0,0,0,0,0,0,0,0
"AAATACTGTCGTTT.1_NK",0,0,0,0,0,0,0,0
"AAATCAACCATTGG.1_NK",0,0,0,0,0,0,0,0
"AAATCAACCCTATT.1_NK",0,0,0,0,0,0,0,0
"AAATCAACTCACGA.1_NK",0,0,0,0,0,0,0,0
"AAATCATGGGACTT.1_NK",0,0,0,0,0,0,0,0
"AAATCCCTACAGCT.1_NK",0,0,0,0,0,0,0,0
"AAATCCCTACCTTT.1_NK",0,0,0,0,0,0,0,0
"AAATCCCTATTGGC.1_NK",0,0,0,0,0,0,0,0
"AAATCCCTCATGAC.1_NK",0,0,0,0,0,0,0,0
"AAATCCCTCGTGAT.1_NK",0,0,0,0,0,0,0,0
"AAATCCCTCTCGCT.1_NK",0,0,0,0,0,0,0,0
"AAATCCCTCTGACA.1_NK",0,0,0,0,0,0,0,0
"AAATCCCTTCACCC.1_NK",0,0,0,0,0,0,0,0
"AAATCCCTTCAGAC.1_NK",0,0,0,0,0,0,0,0
"AAATCTGAACGACT.1_NK",0,0,0,0,0,0,0,0
"AAATCTGATACTCT.1_NK",0,0,0,0,0,0,0,0
"AAATCTGATCCTCG.1_NK",0,0,0,0,0,0,0,0
"AAACATACCAGTCA.1_N",0,0,0,0,0,0,0,0
"AAACATACGGTATC.1_N",0,0,0,0,0,0,0,0
"AAACATACTCCGAA.1_N",0,0,0,0,0,0,0,0
"AAACATACTGATGC.1_N",0,0,0,0,0,0,0,0
"AAACATACTGCACA.1_N",0,0,0,0,0,0,0,0
"AAACATTGAAAACG.1_N",0,0,0,0,0,0,0,0
"AAACATTGCAGCTA.1_N",0,0,0,0,0,0,0,0
"AAACATTGCTTGAG.1_N",0,0,0,0,0,0,0,0
"AAACATTGGAATCC.1_N",0,0,0,0,0,0,0,0
"AAACATTGGCCTTC.1_N",0,0,0,0,0,0,0,0
"AAACATTGGTGCTA.1_N",0,0,0,0,0,0,0,0
"AAACCGTGATAAGG.1_N",0,0,0,0,0,0,0,0
"AAACCGTGCACCAA.1_N",0,0,0,0,0,0,0,0
"AAACCGTGGCATAC.1_N",0,0,0,0,0,0,0,0
"AAACCGTGGCTTCC.1_N",0,0,0,0,0,0,0,0
"AAACCGTGGGTTCA.1_N",0,0,0,0,0,0,0,0
"AAACCGTGGTAGGG.1_N",0,0,0,0,0,0,0,0
"AAACCGTGGTGCTA.1_N",0,0,0,0,0,0,0,0
"AAACCGTGGTTGTG.1_N",0,0,0,0,0,0,0,0
"AAACCGTGTGCAGT.1_N",0,0,0,0,0,0,0,0
"AAACGCACAAACAG.1_N",0,0,0,0,0,0,0,0
"AAACGCACAACGAA.1_N",0,0,0,0,0,0,0,0
"AAACGCACAGATCC.1_N",0,0,0,0,0,0,0,0
"AAACGCACCATTTC.1_N",0,0,0,0,0,0,0,0
"AAACGCACGACTAC.1_N",0,0,0,0,0,0,0,0
"AAACGCACGTGCAT.1_N",0,0,0,0,0,0,0,0
"AAACGCACTCTCTA.1_N",0,0,0,0,0,0,0,0
"AAACGCTGACACGT.1_N",0,0,0,0,0,0,0,0
"AAACGCTGACCTGA.1_N",0,0,0,0,0,0,0,0
"AAACGCTGATAAGG.1_N",0,0,0,0,0,0,0,0
"AAACGCTGCCAACA.1_N",0,0,0,0,0,0,0,0
"AAACGCTGCTACGA.1_N",0,0,0,0,0,0,0,0
"AAACGCTGGACTAC.1_N",0,0,0,0,0,0,0,0
"AAACGCTGGGTATC.1_N",0,0,0,0,0,0,0,0
"AAACGCTGGTACGT.1_N",0,0,0,0,0,0,0,0
"AAACGGCTAGCTCA.1_N",0,0,0,0,0,0,0,0
"AAACGGCTAGGGTG.1_N",0,0,0,0,0,0,0,0
"AAACGGCTATGTGC.1_N",0,0,0,0,0,0,0,0
"AAACGGCTCGGAGA.1_N",0,0,0,0,0,0,0,0
"AAACGGCTCTAGTG.1_N",0,0,0,0,0,0,0,0
"AAACGGCTTAGCGT.1_N",0,0,0,0,0,0,0,0
"AAACGGCTTGAACC.1_N",0,0,0,0,0,0,0,0
"AAACTTGAAGTGCT.1_N",0,0,0,0,0,0,0,0
"AAACTTGACACTTT.1_N",0,0,0,0,0,0,0,0
"AAACTTGACCGCTT.1_N",0,0,0,0,0,0,0,0
"AAACTTGACGGGAA.1_N",0,0,0,0,0,0,0,0
"AAACTTGACTCCCA.1_N",0,0,0,0,0,0,0,0
"AAACTTGAGGTGTT.1_N",0,0,0,0,0,0,0,0
"AAACTTGAGTTCAG.1_N",0,0,0,0,0,0,0,0
"AAACTTGATCCGAA.1_N",0,0,0,0,0,0,0,0
"AAACTTGATCCTTA.1_N",0,0,0,0,0,0,0,0
"AAACTTGATGACAC.1_N",0,0,0,0,0,0,0,0
"AAAGACGAACGACT.1_N",0,0,0,0,0,0,0,0
"AAAGACGAAGCGGA.1_N",0,0,0,0,0,0,0,0
"AAAGACGACCCACT.1_N",0,0,0,0,0,0,0,0
"AAAGACGACTAGAC.1_N",0,0,0,0,0,0,0,0
"AAAGACGACTGTAG.1_N",0,0,0,0,0,0,0,0
"AAAGACGATCCTAT.1_N",0,0,0,0,0,0,0,0
"AAAGAGACAGTCTG.1_N",0,0,0,0,0,0,0,0
"AAAGAGACCCTCCA.1_N",0,0,0,0,0,0,0,0
"AAAGAGACCTCTAT.1_N",0,0,0,0,0,0,0,0
"AAAGAGACCTGGTA.1_N",0,0,0,0,0,0,0,0
"AAAGAGACCTTACT.1_N",0,0,0,0,0,0,0,0
"AAAGAGACTCCTCG.1_N",0,0,0,0,0,0,0,0
"AAAGAGACTTCCGC.1_N",0,0,0,0,0,0,0,0
"AAAGATCTCAGTTG.1_N",0,0,0,0,0,0,0,0
"AAAGATCTGCCTTC.1_N",0,0,0,0,0,0,0,0
"AAAGATCTTTTACC.1_N",0,0,0,0,0,0,0,0
"AAAGATCTTTTGCT.1_N",0,0,0,0,0,0,0,0
"AAAGCAGAACGACT.1_N",0,0,0,0,0,0,0,0
"AAAGCAGAACGTTG.1_N",0,0,0,0,0,0,0,0
"AAAGCAGAAGAACA.1_N",0,0,0,0,0,0,0,0
"AAAGCAGACTACGA.1_N",0,0,0,0,0,0,0,0
"AAAGCAGAGCTAAC.1_N",0,0,0,0,0,0,0,0
"AAAGCAGATATGGC.1_N",0,0,0,0,0,0,0,0
"AAAGCAGATCCTTA.1_N",0,0,0,0,0,0,0,0
"AAAGCAGATCTTTG.1_N",0,0,0,0,0,0,0,0
"AAAGCAGATTCGCC.1_N",0,0,0,0,0,0,0,0
"AAAGCCTGAACCAC.1_N",0,0,0,0,0,0,0,0
"AAAGCCTGACGGTT.1_N",0,0,0,0,0,0,0,0
"AAAGCCTGAGAGGC.1_N",0,0,0,0,0,0,0,0
"AAAGCCTGATTCCT.1_N",0,0,0,0,0,0,0,0
"AAAGCCTGCTCAGA.1_N",0,0,0,0,0,0,0,0
"AAAGCCTGCTCCAC.1_N",0,0,0,0,0,0,0,0
"AAAGCCTGCTGTCC.1_N",0,0,0,0,0,0,0,0
"AAAGCCTGGAACCT.1_N",0,0,0,0,0,0,0,0
"AAAGGCCTAAGTGA.1_N",0,0,0,0,0,0,0,0
"AAAGGCCTACGGGA.1_N",0,0,0,0,0,0,0,0
"AAAGGCCTATCTCT.1_N",0,0,0,0,0,0,0,0
"AAAGGCCTGACACT.1_N",0,0,0,0,0,0,0,0
"AAAGGCCTGGCAAG.1_N",0,0,0,0,0,0,0,0
"AAAGTTTGACACAC.1_N",0,0,0,0,0,0,0,0
"AAAGTTTGCTCCCA.1_N",0,0,0,0,0,0,0,0
"AAAGTTTGTATGCG.1_N",0,0,0,0,0,0,0,0
"AAAGTTTGTCTACT.1_N",0,0,0,0,0,0,0,0
"AAAGTTTGTTGCAG.1_N",0,0,0,0,0,0,0,0
"AAATACTGACCAGT.1_N",0,0,0,0,0,0,0,0
"AAATACTGAGTCTG.1_N",0,0,0,0,0,0,0,0
"AAATACTGCGTACA.1_N",0,0,0,0,0,0,0,0
"AAATACTGGCGAGA.1_N",0,0,0,0,0,0,0,0
