"","Perm_1","Perm_2","Perm_3","Perm_4","Perm_5","Perm_6","Perm_7","Perm_8","Perm_9","Perm_10","Perm_11","Perm_12","Perm_13","Perm_14","Perm_15","Perm_16"
"AAACATACAATGCC.1_B",1,1,1,1,1,1,1,1,1,0,1,0,1,1,1,1
"AAACATACACGCAT.1_B",0,0,1,1,1,1,0,1,1,1,1,1,1,0,1,1
"AAACATACGAATAG.1_B",1,1,1,1,1,1,0,1,1,1,1,1,1,1,1,1
"AAACATACGGTGTT.1_B",1,1,1,0,1,1,1,1,1,1,1,1,1,1,1,1
"AAACATACGTGTCA.1_B",1,1,1,0,1,1,1,1,1,1,1,0,1,1,0,1
"AAACATACTCTTAC.1_B",1,1,1,1,1,1,1,1,1,1,1,1,1,1,1,1
"AAACATTGCTGATG.1_B",1,1,1,1,1,1,1,1,1,1,1,1,1,1,1,1
"AAACATTGGCCCTT.1_B",0,1,1,1,1,1,1,1,1,1,1,1,0,0,1,1
"AAACATTGGTGCAT.1_B",1,1,1,1,1,0,1,1,1,1,1,1,1,1,1,0
"AAACATTGTTTGGG.1_B",1,1,1,1,1,1,1,1,1,0,1,1,1,1,1,0
"AAACCGTGACGGTT.1_B",1,1,1,1,1,1,1,1,0,1,1,1,1,1,1,1
"AAACCGTGCTCCAC.1_B",1,1,1,1,1,1,1,1,1,1,1,1,1,1,1,1
"AAACCGTGCTCGCT.1_B",1,1,1,1,1,0,1,1,1,0,1,1,0,1,1,1
"AAACCGTGGGGACA.1_B",1,1,1,1,1,1,1,1,1,1,1,1,1,1,1,1
"AAACCGTGTGCATG.1_B",1,1,1,0,0,1,1,1,1,0,1,1,1,1,1,1
"AAACGCACATCACG.1_B",0,1,0,1,1,1,1,1,1,1,1,1,1,1,1,1
"AAACGCACCCAGTA.1_B",1,1,1,1,1,1,1,0,1,1,1,1,1,1,1,1
"AAACGCACGCCCTT.1_B",0,1,1,1,0,1,1,1,1,1,1,0,1,1,1,1
"AAACGCACGTACCA.1_B",1,1,1,1,1,1,1,0,1,1,0,1,1,1,0,1
"AAACGCACGTGTAC.1_B",1,1,1,1,1,1,1,1,0,1,1,1,1,1,1,1
"AAACGCACTCACCC.1_B",1,1,1,1,1,1,1,1,1,1,1,1,1,1,0,1
"AAACGCACTTCACT.1_B",1,1,1,1,1,1,1,0,1,1,1,1,1,1,1,1
"AAACGCACTTCCAT.1_B",1,1,1,1,1,1,1,1,1,1,1,1,0,1,1,1
"AAACGCTGATCTTC.1_B",1,1,1,1,1,1,1,1,1,1,1,1,1,1,1,1
"AAACGCTGCCCTCA.1_B",1,1,1,1,0,1,1,1,1,1,1,1,0,1,1,1
"AAACGCTGCCTACC.1_B",1,1,1,0,1,1,1,1,1,1,1,1,1,1,0,1
"AAACGCTGCTGTAG.1_B",1,1,1,1,1,1,1,1,1,1,1,1,1,1,1,1
"AAACGCTGCTTCTA.1_B",1,1,1,1,1,1,0,1,1,1,1,1,1,1,1,1
"AAACGCTGGCCTTC.1_B",1,1,1,1,1,1,1,0,0,0,1,1,0,1,1,1
"AAACGGCTAGCCTA.1_B",1,1,1,1,1,1,1,1,0,0,1,1,1,1,1,1
"AAACGGCTGCATAC.1_B",1,1,0,1,1,1,1,1,1,1,1,1,1,1,1,0
"AAACGGCTGTTACG.1_B",1,1,1,1,1,1,1,1,1,1,1,1,1,1,1,1
"AAACGGCTTGTCAG.1_B",1,0,1,1,0,1,1,0,0,1,1,1,1,1,1,1
"AAACTTGAACGCTA.1_B",1,1,1,1,1,1,1,1,1,1,1,1,1,0,1,1
"AAACTTGAACGTAC.1_B",1,1,1,1,1,1,1,1,1,1,1,1,0,1,1,1
"AAACTTGATCCTTA.1_B",1,1,0,1,1,1,1,1,1,1,1,1,1,0,1,1
"AAACTTGATCTTAC.1_B",1,0,0,1,0,1,1,1,1,1,1,1,1,1,0,1
"AAACTTGATGCCCT.1_B",1,1,0,1,1,1,1,1,1,1,1,1,1,1,0,1
"AAACTTGATTTACC.1_B",1,1,1,1,1,1,1,1,1,1,1,1,1,1,1,1
"AAACTTGATTTGGG.1_B",1,0,1,1,0,1,1,1,1,1,1,0,0,1,1,1
"AAAGACGAACAGTC.1_B",1,1,1,1,1,1,1,1,1,1,1,1,1,1,1,0
"AAAGACGACAATCG.1_B",1,1,1,1,1,1,1,1,1,1,1,1,1,1,1,1
"AAAGACGACAGAGG.1_B",1,1,1,1,1,1,1,1,1,1,1,1,1,1,1,1
"AAAGACGACCAATG.1_B",1,1,1,0,1,1,1,1,1,1,1,1,1,1,1,1
"AAAGACGACCTTAT.1_B",1,1,1,0,1,1,1,1,1,1,1,1,1,1,1,1
"AAAGACGAGTGCTA.1_B",1,0,1,1,1,1,1,1,1,1,1,1,1,1,1,1
"AAAGACGATAAGGA.1_B",1,1,1,1,1,1,1,1,1,1,1,1,1,1,1,1
"AAAGACGATGTCGA.1_B",1,1,1,1,1,1,0,1,1,1,1,1,1,1,1,1
"AAAGACGATTGCTT.1_B",1,1,1,1,1,1,1,1,1,1,0,1,0,0,1,1
"AAAGAGACAAACGA.1_B",1,0,0,1,0,0,1,1,1,1,1,1,0,1,1,1
"AAAGAGACCAGTCA.1_B",1,0,1,1,1,1,1,1,1,1,1,0,1,1,1,1
"AAAGAGACCGTCTC.1_B",0,1,1,1,1,1,1,1,1,1,1,1,1,1,1,1
"AAAGAGACGAACTC.1_B",1,1,1,1,1,1,1,1,1,1,1,1,1,0,1,1
"AAAGAGACTGAAGA.1_B",1,1,1,1,1,1,1,1,1,1,1,1,0,1,1,1
"AAAGATCTACCAAC.1_B",1,0,1,1,1,1,1,1,1,1,1,0,1,1,1,1
"AAAGATCTAGGAGC.1_B",1,1,1,1,1,1,1,1,1,1,1,0,1,1,1,1
"AAAGATCTCCGAAT.1_B",1,0,1,0,1,1,0,1,0,0,1,1,1,1,1,1
"AAAGATCTGGTCTA.1_B",1,0,1,1,1,1,1,1,1,1,1,1,1,1,1,1
"AAAGATCTGTGCAT.1_B",1,1,1,1,1,1,1,1,0,1,1,1,1,1,1,1
"AAAGATCTTCGTAG.1_B",1,1,1,1,1,1,1,1,1,1,1,1,1,1,1,1
"AAAGATCTTCTTAC.1_B",1,1,0,0,1,1,1,1,0,0,1,1,1,1,1,1
"AAAGATCTTGATGC.1_B",1,1,1,1,1,1,1,1,0,1,1,1,1,1,1,1
"AAAGCAGAACCAAC.1_B",1,1,1,1,1,1,0,1,1,1,1,1,1,1,1,1
"AAAGCAGAGTACGT.1_B",1,1,1,1,1,1,1,1,1,1,1,1,1,1,1,1
"AAAGCAGATATCGG.1_B",1,0,1,1,1,1,1,1,1,1,1,1,1,1,1,1
"AAAGCAGATTATCC.1_B",1,1,0,1,0,1,1,1,0,1,1,1,1,1,1,1
"AAAGCCTGAGGGTG.1_B",1,1,0,1,1,1,1,1,1,1,1,1,1,1,1,1
"AAAGCCTGATGACC.1_B",1,1,1,1,0,1,1,1,1,1,1,1,1,1,1,0
"AAAGCCTGCCTTCG.1_B",1,1,1,1,1,1,1,1,1,1,1,1,1,1,1,1
"AAAGCCTGGAACCT.1_B",1,0,1,1,1,1,1,1,1,1,1,1,1,1,1,1
"AAAGCCTGGTCACA.1_B",1,1,1,1,1,1,1,1,1,1,0,1,1,1,1,1
"AAAGCCTGTAACCG.1_B",1,1,1,1,1,1,1,1,1,1,1,1,1,1,1,1
"AAAGCCTGTTCATC.1_B",1,1,1,0,1,1,1,0,1,1,1,1,1,1,1,1
"AAAGGCCTCATTCT.1_B",1,1,0,1,1,1,1,1,1,1,1,1,1,1,1,1
"AAAGGCCTCCTGTC.1_B",1,1,1,1,1,1,1,1,1,1,1,1,1,1,1,1
"AAAGGCCTCGAGTT.1_B",1,1,1,1,1,1,0,1,1,1,1,1,1,1,1,0
"AAAGGCCTGGCATT.1_B",1,1,1,1,1,1,1,0,1,1,0,0,0,1,1,1
"AAAGGCCTGGTTCA.1_B",1,1,1,1,1,1,1,1,1,1,1,0,1,1,1,1
"AAAGGCCTTATTCC.1_B",1,1,0,1,1,1,1,1,1,1,0,1,1,1,1,1
"AAAGGCCTTTCCAT.1_B",1,1,1,1,1,1,1,1,1,1,1,1,1,1,1,1
"AAAGTTTGATGGTC.1_B",1,1,1,1,1,1,1,0,1,1,1,1,1,1,1,1
"AAAGTTTGCTTCCG.1_B",1,1,1,1,1,1,1,1,1,1,1,1,1,1,0,1
"AAAGTTTGTCCTAT.1_B",1,1,1,1,1,0,1,0,1,0,1,1,1,1,1,1
"AAAGTTTGTGCAGT.1_B",1,1,1,1,1,1,1,0,1,1,1,1,1,1,1,1
"AAATACTGCCATGA.1_B",1,1,1,1,1,1,1,1,1,1,1,1,1,1,1,1
"AAATACTGGTACAC.1_B",1,1,1,1,1,1,1,1,1,1,1,1,1,1,1,1
"AAATACTGTTACTC.1_B",1,1,1,1,1,0,1,1,1,1,1,1,0,1,1,1
"AAATACTGTTGACG.1_B",1,1,1,1,1,1,1,1,1,1,1,1,1,1,1,0
"AAATCAACACACTG.1_B",1,1,1,1,1,1,1,1,1,1,1,1,1,0,1,1
"AAATCAACACCCAA.1_B",1,1,1,1,1,1,0,1,1,1,1,1,1,1,1,1
"AAATCAACATGTCG.1_B",1,1,1,1,1,1,1,1,0,1,1,1,1,1,1,1
"AAATCAACCCAATG.1_B",1,1,1,1,1,1,1,1,1,0,1,1,1,1,1,1
"AAATCAACGGGAGT.1_B",1,1,1,1,1,1,1,1,1,1,1,1,1,1,0,1
"AAATCAACTCCAGA.1_B",1,1,1,1,1,1,1,1,1,1,1,1,1,0,1,0
"AAATCAACTTTACC.1_B",1,1,1,1,1,1,0,1,1,1,1,0,1,1,1,1
"AAATCATGACTGGT.1_B",1,1,0,1,1,1,1,1,1,1,1,1,1,0,1,1
"AAATCATGAGTCGT.1_B",1,1,1,1,1,1,1,1,1,1,1,1,1,0,1,1
"AAATCATGCATACG.1_B",1,0,1,1,1,1,1,0,1,1,1,1,0,1,1,1
"AAATCATGCCGCTT.1_B",0,1,1,1,1,1,1,1,1,1,1,1,1,1,1,1
"AAATCATGCGTTGA.1_B",1,1,1,1,1,1,0,1,1,1,1,1,1,0,1,1
"AAACATACCACTAG.1_M",1,1,1,1,0,1,1,1,1,1,1,0,1,1,1,1
"AAACATACGTTCAG.1_M",1,1,1,1,1,1,0,1,1,1,1,1,0,1,0,1
"AAACATTGACGGTT.1_M",1,1,1,1,1,1,1,1,1,1,1,1,1,1,1,1
"AAACATTGCTTCGC.1_M",0,1,1,1,1,1,0,1,1,1,1,1,0,1,1,1
"AAACATTGGGCAAG.1_M",1,1,1,1,1,1,1,1,0,1,1,1,1,1,1,1
"AAACATTGTTTGTC.1_M",1,1,1,0,1,1,1,1,1,1,1,1,1,1,1,0
"AAACGCACGGACTT.1_M",0,0,0,0,0,0,0,0,0,0,1,0,0,0,0,0
"AAACGGCTACGGAG.1_M",1,1,0,1,1,1,1,1,1,1,1,1,0,1,1,1
"AAACGGCTAGTCAC.1_M",1,1,1,1,1,0,1,1,1,1,1,1,1,1,1,1
"AAACGGCTCAGCTA.1_M",1,1,1,1,1,1,1,1,1,1,1,1,1,1,1,1
"AAAGACGACCGTAA.1_M",1,1,1,1,1,1,1,1,1,1,1,1,1,1,0,1
"AAAGACGACTCGCT.1_M",1,1,1,1,1,1,0,1,0,1,1,1,1,1,1,1
"AAAGACGAGGTAAA.1_M",1,1,1,0,0,1,0,1,0,1,0,1,1,1,1,1
"AAAGACGATCAAGC.1_M",1,1,1,1,1,1,1,1,1,1,1,1,1,1,1,1
"AAAGATCTTGCATG.1_M",1,1,1,0,1,1,1,1,1,1,0,1,1,1,1,0
"AAAGCAGAGATAGA.1_M",1,1,1,1,1,1,0,1,1,1,1,1,1,0,1,1
"AAAGCCTGCAACCA.1_M",1,1,1,1,0,1,1,1,1,1,1,1,1,0,1,1
"AAAGCCTGTGCTCC.1_M",1,1,1,1,1,1,0,1,1,0,1,1,1,1,1,1
"AAAGGCCTCGCAAT.1_M",1,1,1,1,1,1,1,1,1,1,1,1,1,1,1,1
"AAATACTGACAGTC.1_M",1,1,0,1,1,1,1,1,1,1,1,1,1,1,1,1
"AAATACTGACGGTT.1_M",1,1,1,1,1,1,1,1,1,0,1,1,1,1,0,1
"AAATACTGTGGATC.1_M",1,1,1,1,1,0,0,1,1,1,1,1,1,0,1,1
"AAATCAACTTGTCT.1_M",1,1,1,0,1,1,1,1,0,1,1,1,1,0,1,1
"AAATCATGTAGCGT.1_M",1,0,1,1,1,1,1,0,1,0,1,1,1,1,1,1
"AAATCCCTGCTGTA.1_M",0,1,1,1,0,1,1,1,1,1,1,1,1,1,1,1
"AAATCCCTGTTCTT.1_M",1,1,1,1,1,0,1,1,1,1,1,1,1,1,1,1
"AAATCTGAAACCAC.1_M",1,1,1,1,1,1,1,1,1,1,1,1,1,1,1,1
"AAATCTGACTCATT.1_M",1,1,1,0,1,1,1,1,1,1,1,1,1,1,1,1
"AAATCTGAGCTACA.1_M",1,1,1,1,1,1,1,1,1,1,1,1,1,1,1,1
"AAATCTGATCACGA.1_M",1,1,1,1,0,1,1,0,1,1,1,1,1,1,1,1
"AAATGGGAAGTAGA.1_M",1,1,1,1,1,1,1,1,1,1,1,0,1,0,1,1
"AAATGGGACGAATC.1_M",1,1,1,1,1,1,1,1,1,1,1,1,1,1,1,1
"AAATGGGATAACGC.1_M",0,1,1,1,1,1,1,1,1,1,1,1,0,1,1,1
"AAATGGGATAGTCG.1_M",1,1,1,1,1,1,1,1,1,1,1,1,1,1,1,1
"AAATGTTGAGAACA.1_M",1,1,1,1,1,1,1,1,1,1,1,1,1,1,1,1
"AAATTGACAGGGTG.1_M",1,1,1,1,1,1,1,1,1,1,1,1,1,1,1,1
"AAATTGACTGGGAG.1_M",1,1,1,0,1,1,1,1,1,1,1,1,1,1,1,1
"AAATTGACTGTCCC.1_M",1,1,1,0,1,1,1,1,1,1,0,1,1,1,1,1
"AACAAACTCAATCG.1_M",1,1,1,1,1,1,1,1,1,1,1,1,1,1,0,1
"AACAAACTCTTGTT.1_M",1,1,1,1,1,1,1,1,1,1,1,1,1,1,1,1
"AACACGTGAAGAAC.1_M",1,1,1,1,1,1,1,1,1,1,1,1,1,1,1,1
"AACACTCTGCGTAT.1_M",1,1,1,0,1,1,1,1,1,0,1,1,1,1,0,1
"AACAGAGACGCTAA.1_M",1,1,1,1,1,1,1,1,1,1,1,1,1,1,1,1
"AACAGAGATCATTC.1_M",1,1,1,1,0,1,1,1,1,1,1,1,1,1,1,1
"AACAGCACAAGCAA.1_M",1,0,1,1,1,1,1,1,1,1,1,1,1,1,1,1
"AACAGCACGTATCG.1_M",1,1,1,1,1,1,1,1,1,1,1,1,0,1,1,1
"AACATATGACAGTC.1_M",1,1,1,1,1,1,1,1,1,1,0,1,1,1,1,1
"AACATATGCTCCAC.1_M",1,1,1,1,1,1,1,1,1,1,1,1,1,1,1,0
"AACATATGGCAGAG.1_M",1,0,0,1,1,0,1,1,1,1,1,1,1,1,1,0
"AACATATGGTATCG.1_M",1,1,1,1,1,1,1,1,0,1,1,1,1,1,1,1
"AACATTGATCGATG.1_M",0,1,1,1,1,1,1,1,1,1,1,1,0,1,1,0
"AACCACGAAATGCC.1_M",1,1,1,1,1,1,1,0,1,1,1,1,1,1,1,0
"AACCAGTGCTTCGC.1_M",1,1,1,1,1,1,1,1,1,1,1,1,1,1,1,1
"AACCAGTGGACACT.1_M",1,1,1,1,1,1,1,1,0,1,1,1,1,1,1,1
"AACCAGTGTCCAGA.1_M",1,1,1,1,1,1,1,1,1,1,1,1,1,1,0,1
"AACCCAGACCTTTA.1_M",1,1,1,0,1,1,1,1,1,0,1,1,1,1,1,1
"AACCGATGACCTAG.1_M",1,1,1,1,1,1,1,1,1,1,1,1,0,0,1,1
"AACCGATGGGGATG.1_M",1,1,1,1,1,1,0,1,1,1,1,1,1,1,1,1
"AACCGCCTTCGTGA.1_M",1,1,1,0,1,1,1,1,1,1,1,1,1,1,1,1
"AACCGCCTTGAGAA.1_M",1,0,1,1,1,1,1,1,1,1,1,1,1,1,1,1
"AACCGCCTTTCACT.1_M",1,1,1,1,1,1,1,1,1,1,1,1,0,1,1,1
"AACCTACTTGATGC.1_M",1,1,0,1,0,1,0,1,1,1,1,1,1,1,1,1
"AACCTTACGACAGG.1_M",1,1,1,1,1,1,1,1,1,1,1,1,1,1,1,1
"AACCTTACGCCCTT.1_M",1,1,1,1,1,1,1,0,1,1,1,1,1,1,1,1
"AACCTTTGTTGTGG.1_M",1,0,1,1,1,1,1,1,1,1,0,0,1,1,1,1
"AACGCAACTAAGGA.1_M",1,1,1,1,1,1,1,1,1,1,1,1,1,1,1,1
"AACGCATGCGTTGA.1_M",1,0,1,1,1,1,1,0,1,0,1,1,1,1,1,1
"AACGCATGCTGAAC.1_M",0,1,1,1,1,1,1,1,1,1,1,1,1,1,0,1
"AACGCCCTCCCAAA.1_M",1,1,1,0,1,1,1,1,0,1,1,1,1,1,1,1
"AACGGTACAAGGCG.1_M",1,1,0,1,1,1,1,1,0,1,1,1,1,1,1,1
"AACGGTACCTGTGA.1_M",1,1,1,1,1,1,1,1,1,1,1,1,1,1,1,1
"AACGGTACTATGCG.1_M",1,1,1,1,1,1,1,0,1,1,1,1,1,0,1,1
"AACGGTTGGCCATA.1_M",1,1,0,1,1,1,1,1,1,1,0,1,1,1,1,0
"AACGGTTGTCTACT.1_M",1,1,1,1,1,1,1,1,1,1,1,1,1,1,1,1
"AACGTCGAAAGTAG.1_M",1,0,1,1,1,1,0,1,1,1,1,1,1,1,1,1
"AACGTCGACTCTTA.1_M",1,1,1,1,1,1,0,1,1,1,1,1,1,1,0,1
"AACGTCGAGGCATT.1_M",1,1,1,1,1,1,1,1,0,1,1,1,1,1,1,1
"AACGTGTGATTGGC.1_M",0,1,1,1,0,1,1,1,1,1,1,1,1,1,1,1
"AACGTGTGCCAACA.1_M",1,1,1,0,1,1,1,1,1,1,0,1,1,1,1,1
"AACGTTCTCACTTT.1_M",0,1,1,1,1,1,1,1,1,1,1,1,1,1,1,1
"AACGTTCTGCGGAA.1_M",1,1,1,1,1,1,1,0,1,1,1,1,1,1,1,1
"AACGTTCTGGCAAG.1_M",1,1,1,1,1,1,1,1,1,1,1,1,1,1,1,0
"AACTACCTGATACC.1_M",1,1,1,1,1,0,1,1,1,1,1,1,1,1,1,1
"AACTACCTGTCATG.1_M",1,1,1,1,1,1,0,1,1,1,1,1,1,1,1,1
"AACTCACTCGTTGA.1_M",1,1,1,1,0,0,1,1,1,1,1,1,1,1,0,1
"AACTCACTCTTGGA.1_M",1,1,1,1,1,1,0,1,1,1,1,1,1,1,1,1
"AACTCGGAATACCG.1_M",1,1,1,1,1,1,1,1,0,1,1,1,1,1,1,1
"AACTCTTGACTAGC.1_M",1,1,1,1,1,0,1,1,1,1,1,1,1,1,1,1
"AACTCTTGGATGAA.1_M",1,1,1,1,1,1,1,1,1,1,1,1,1,1,1,1
"AACTGTCTAGTGCT.1_M",1,1,1,1,1,1,1,1,1,1,1,1,1,1,1,1
"AACTGTCTCCTTTA.1_M",0,1,1,1,1,1,1,1,0,1,1,1,1,1,1,1
"AACTGTCTTCTAGG.1_M",1,1,1,1,1,0,1,0,1,1,1,1,1,1,1,1
"AACTTGCTCCTTAT.1_M",1,1,1,1,1,1,1,1,1,1,1,1,1,1,1,1
"AACTTGCTGGAAAT.1_M",1,1,1,1,1,1,1,1,1,1,1,1,1,1,1,1
"AAGAAGACCTTGGA.1_M",1,1,1,1,1,1,1,1,0,1,1,1,1,1,1,0
"AAGAATCTCTGATG.1_M",1,1,1,1,1,1,1,1,1,1,1,1,1,1,1,1
"AAGAATCTTACTTC.1_M",1,1,1,1,1,0,1,1,1,1,1,1,1,0,1,1
"AAGAATCTTCTGGA.1_M",1,1,1,1,1,1,1,1,1,0,1,1,1,1,1,1
"AAGACAGACGCAAT.1_M",1,1,1,1,1,1,1,0,1,1,1,1,1,1,1,1
"AAGAGATGGAAAGT.1_M",1,1,1,1,1,1,1,1,1,1,1,0,1,1,1,1
"AAACATACATTCTC.1_S",1,0,1,1,1,1,1,1,1,1,1,1,0,1,1,1
"AAACATTGCGATAC.1_S",1,1,1,1,1,1,1,1,1,1,1,1,1,1,1,1
"AAACATTGCGTCTC.1_S",1,1,1,1,1,1,1,1,1,0,1,1,1,1,1,1
"AAACATTGGCCAAT.1_S",1,1,1,1,1,1,1,1,1,1,1,1,1,1,1,1
"AAACATTGGCCATA.1_S",1,1,1,0,0,1,0,1,1,0,1,1,1,0,1,1
"AAACATTGGTACGT.1_S",1,1,1,1,0,1,1,1,1,1,1,1,1,1,0,1
"AAACATTGTCCCGT.1_S",1,0,0,1,1,1,1,1,1,1,1,1,1,1,1,1
"AAACCGTGACCTTT.1_S",1,0,0,1,1,1,1,1,1,1,1,1,1,1,0,1
"AAACCGTGTCAGTG.1_S",1,1,1,1,1,1,1,1,1,1,0,1,1,1,1,1
"AAACCGTGTCGTGA.1_S",1,1,0,1,1,0,1,1,1,1,1,1,1,1,1,1
"AAACGCACAGAGGC.1_S",1,1,1,1,1,1,1,1,0,1,1,1,1,1,1,1
"AAACGCACCACAAC.1_S",0,1,1,1,0,1,1,1,1,1,1,1,1,1,1,1
"AAACGCACCAGTTG.1_S",1,1,1,1,1,1,1,0,1,1,1,0,1,1,1,1
"AAACGCACTCTCGC.1_S",1,1,1,1,1,1,1,1,1,1,1,0,1,1,1,1
"AAACGCACTTCTAC.1_S",1,1,1,1,1,0,0,1,1,1,1,1,1,1,1,1
"AAACGCACTTTCTG.1_S",1,1,1,1,1,1,1,1,1,1,1,1,1,1,1,1
"AAACGCTGAACCAC.1_S",1,1,0,1,0,1,1,1,1,1,1,1,1,1,1,1
"AAACGCTGAACTGC.1_S",1,1,1,1,1,1,1,1,1,1,1,1,0,1,1,0
"AAACGCTGCATCAG.1_S",1,1,1,1,1,1,1,1,1,1,1,1,1,1,1,1
"AAACGCTGGTAAGA.1_S",0,1,1,1,1,1,1,1,1,1,1,1,1,1,1,1
"AAACGCTGTCTTTG.1_S",1,1,1,1,1,1,1,1,1,1,1,1,1,0,1,1
"AAACGCTGTTTCGT.1_S",0,0,1,0,1,1,1,1,1,0,1,1,1,0,1,1
"AAACGGCTCAGCTA.1_S",1,1,1,0,0,1,1,1,1,0,1,1,0,1,1,1
"AAACGGCTGCTGAT.1_S",1,1,1,0,1,1,1,1,1,1,1,1,1,1,1,0
"AAACGGCTGGGATG.1_S",0,0,0,0,0,0,0,0,0,0,0,0,0,0,0,0
"AAACTTGAAAACGA.1_S",1,1,1,1,0,1,1,1,1,1,0,1,1,1,0,1
"AAACTTGAACCACA.1_S",1,1,1,0,1,0,1,1,0,1,1,1,1,1,1,1
"AAACTTGAATCGAC.1_S",1,1,1,1,1,1,1,1,1,1,1,1,1,1,1,0
"AAACTTGAGACAAA.1_S",1,0,1,1,1,1,1,1,1,1,1,1,1,1,1,0
"AAACTTGAGAGGTG.1_S",1,1,1,1,1,1,1,1,1,1,1,1,0,1,1,1
"AAACTTGAGTCTTT.1_S",1,1,1,1,1,1,1,1,1,1,1,1,0,1,0,1
"AAACTTGAGTTTCT.1_S",1,1,1,1,1,1,1,1,1,1,1,1,1,1,1,0
"AAACTTGATAAGCC.1_S",1,1,0,1,1,1,1,1,1,1,1,1,1,1,1,1
"AAACTTGATTGTCT.1_S",1,1,1,1,1,1,1,1,1,1,1,1,0,1,1,1
"AAAGACGAAAGAGT.1_S",1,1,1,1,1,1,0,1,1,1,1,1,1,1,1,1
"AAAGACGAACTTTC.1_S",1,1,1,1,1,1,1,1,1,1,1,1,1,1,1,1
"AAAGACGAAGGCGA.1_S",1,1,1,1,1,1,1,1,1,1,1,1,1,1,0,1
"AAAGACGAAGTGTC.1_S",1,1,1,1,1,1,1,1,1,1,1,1,1,1,1,1
"AAAGACGACACCAA.1_S",1,1,1,1,1,0,1,1,1,1,1,1,1,1,1,1
"AAAGACGACCACAA.1_S",1,1,1,1,1,1,1,1,1,1,0,1,1,1,1,1
"AAAGACGACCGATA.1_S",1,1,1,1,0,1,1,1,1,1,1,1,1,1,1,1
"AAAGACGAGATAAG.1_S",1,0,1,1,0,1,1,1,1,1,1,1,1,1,1,1
"AAAGACGAGGTATC.1_S",1,1,1,1,1,1,1,0,1,1,1,1,1,1,1,1
"AAAGACGATAGACC.1_S",1,1,1,1,0,1,1,0,0,1,1,1,1,0,1,1
"AAAGAGACAGAACA.1_S",0,1,1,1,1,1,1,1,1,0,1,0,1,1,1,1
"AAAGAGACATCTCT.1_S",1,1,1,1,1,1,1,1,1,1,1,0,1,1,1,1
"AAAGATCTACACCA.1_S",1,1,1,1,1,1,1,1,1,1,1,1,1,1,1,1
"AAAGATCTACTCTT.1_S",1,1,1,1,1,1,1,1,1,1,1,1,1,1,1,1
"AAAGATCTCACTTT.1_S",1,1,1,1,1,1,1,1,1,1,1,1,1,0,1,1
"AAAGATCTGCCCTT.1_S",1,1,1,0,1,1,1,1,1,1,1,1,1,1,1,1
"AAAGATCTGCTTCC.1_S",1,1,0,1,1,1,1,1,1,1,1,1,1,1,1,1
"AAAGATCTGTATCG.1_S",1,1,1,0,1,1,1,1,1,1,0,1,1,1,1,1
"AAAGATCTTGATGC.1_S",1,1,1,1,1,1,1,1,0,1,1,1,1,1,1,1
"AAAGCAGACACTTT.1_S",1,1,0,1,1,1,1,1,0,1,1,1,1,1,1,1
"AAAGCAGACCGTAA.1_S",1,1,1,0,0,1,1,1,1,1,1,1,1,1,1,0
"AAAGCAGACCTCAC.1_S",1,1,1,1,1,1,1,1,0,1,1,1,0,1,1,1
"AAAGCAGACTTACT.1_S",1,1,1,1,1,1,1,1,0,1,1,0,0,1,1,1
"AAAGCAGAGGACAG.1_S",1,1,1,1,1,1,1,1,1,0,1,1,1,1,1,1
"AAAGCAGATTATCC.1_S",1,0,1,0,1,1,1,1,1,0,1,1,1,1,0,1
"AAAGCCTGATCGGT.1_S",1,1,1,1,1,1,1,1,1,1,1,1,0,1,1,1
"AAAGCCTGCAGGAG.1_S",0,1,1,1,1,1,1,1,1,1,1,1,0,0,1,1
"AAAGCCTGCTAGCA.1_S",1,0,0,0,1,0,0,1,1,1,0,1,1,1,1,1
"AAAGCCTGGAAGGC.1_S",1,1,0,1,1,1,1,1,1,1,1,1,1,1,1,1
"AAAGCCTGGCATAC.1_S",1,1,1,1,0,1,1,1,1,1,1,1,1,1,1,1
"AAAGCCTGGTCACA.1_S",1,1,1,1,1,1,1,1,1,1,1,1,1,1,1,1
"AAAGCCTGGTTCGA.1_S",1,1,1,1,1,1,1,1,1,1,1,1,1,1,1,1
"AAAGGCCTATTCGG.1_S",1,1,1,1,1,1,1,1,1,1,1,1,1,0,1,0
"AAAGGCCTCGTAGT.1_S",0,1,1,1,1,1,1,1,0,1,1,1,1,0,1,1
"AAAGGCCTTATGCG.1_S",0,1,1,1,1,1,1,1,1,1,1,1,1,1,1,1
"AAAGGCCTTCTTTG.1_S",1,1,1,1,1,1,1,1,1,0,1,1,1,1,1,1
"AAAGTTTGAAAGTG.1_S",1,1,1,1,1,0,1,1,1,1,1,1,1,0,1,1
"AAAGTTTGGATACC.1_S",1,0,1,1,1,1,1,1,1,1,1,1,1,1,1,1
"AAAGTTTGGTAAAG.1_S",0,1,1,1,1,1,1,1,1,1,0,0,1,1,1,0
"AAAGTTTGGTTACG.1_S",1,1,1,1,0,1,1,1,1,1,1,1,1,1,1,1
"AAAGTTTGTCGATG.1_S",1,1,1,1,1,0,1,0,1,1,1,0,1,1,1,1
"AAAGTTTGTGGATC.1_S",1,0,1,0,1,1,1,1,1,1,1,0,1,1,0,1
"AAATACTGAGTGTC.1_S",1,1,1,1,1,0,1,1,1,1,1,1,1,1,1,1
"AAATACTGGGTGGA.1_S",1,0,1,1,1,1,1,1,1,0,1,1,1,1,1,1
"AAATACTGGGTTAC.1_S",0,1,1,0,0,0,1,1,1,1,1,1,1,1,1,1
"AAATCAACCTAGAC.1_S",1,1,1,1,0,1,1,1,1,1,1,1,1,1,1,1
"AAATCAACCTTACT.1_S",0,1,1,1,1,1,1,1,1,1,1,1,1,1,1,0
"AAATCAACGAGGTG.1_S",1,1,1,1,1,0,1,0,1,1,1,1,1,1,1,1
"AAATCAACGGAAGC.1_S",1,1,1,1,1,0,1,1,1,1,1,1,1,1,1,1
"AAATCAACGTTAGC.1_S",1,1,0,1,1,0,1,1,1,1,1,1,1,1,1,1
"AAATCATGCCGATA.1_S",1,0,1,1,1,1,0,1,1,1,1,1,1,1,1,1
"AAATCATGGAGCAG.1_S",1,1,1,1,1,1,0,1,1,1,1,1,0,1,1,1
"AAATCATGGAGGCA.1_S",1,1,1,0,1,1,1,1,1,1,0,0,1,0,0,1
"AAATCATGGCAGAG.1_S",1,1,1,1,1,1,1,1,0,1,1,1,1,1,1,1
"AAATCATGGTTGTG.1_S",1,1,1,0,1,1,1,1,1,1,1,1,0,1,1,0
"AAATCATGTAAGCC.1_S",1,0,1,1,1,1,1,1,1,1,0,1,1,1,0,1
"AAATCATGTAGACC.1_S",0,1,1,1,1,1,1,1,1,1,1,1,1,1,1,1
"AAATCATGTCCAAG.1_S",1,1,1,1,1,1,1,1,1,1,0,1,1,1,1,1
"AAATCCCTACTTTC.1_S",1,1,1,1,1,1,1,1,1,1,1,1,1,1,1,0
"AAATCCCTCGTAAC.1_S",1,0,1,1,1,1,1,1,1,0,1,1,1,1,1,1
"AAATCCCTCTTCGC.1_S",1,1,1,1,1,1,1,1,1,1,0,1,1,0,1,1
"AAATCCCTGAAACA.1_S",1,1,1,1,1,0,1,1,1,0,1,1,1,0,1,1
"AAATCCCTGAGGGT.1_S",1,1,1,1,1,1,1,1,1,1,1,1,0,1,1,1
"AAATCCCTGTACAC.1_S",1,1,1,1,1,1,1,1,0,1,1,1,1,1,1,0
"AAATCTGAAACGTC.1_S",1,1,0,1,1,1,1,1,1,1,1,1,1,1,1,1
"AAATCTGACTAGTG.1_S",1,1,1,1,1,1,0,1,1,1,1,0,1,1,1,1
"AAACATACCCAATG.1_NK",1,1,1,1,0,1,1,1,1,1,1,1,1,1,0,1
"AAACATACGACGTT.1_NK",1,1,1,0,1,1,1,1,1,1,1,1,1,0,1,1
"AAACATACTCACCC.1_NK",0,1,1,1,1,1,1,1,0,1,1,1,1,0,0,1
"AAACATACTCAGAC.1_NK",1,1,1,1,1,1,1,1,1,1,1,1,0,1,1,1
"AAACATTGAACAGA.1_NK",1,1,1,1,1,1,1,1,1,1,0,1,1,1,1,1
"AAACATTGGACTAC.1_NK",1,1,1,1,1,1,1,1,1,0,1,1,1,1,1,0
"AAACATTGGTCATG.1_NK",1,1,1,1,1,1,1,1,1,0,0,1,1,1,1,1
"AAACATTGGTTCGA.1_NK",1,0,1,1,1,1,1,1,1,1,1,1,1,1,1,1
"AAACATTGTGCAGT.1_NK",0,1,1,1,1,1,1,1,1,1,1,0,1,1,1,0
"AAACATTGTTTCAC.1_NK",1,1,1,1,1,0,1,1,0,1,1,1,1,1,1,1
"AAACCGTGACGCTA.1_NK",1,1,1,1,1,1,1,1,1,1,1,1,1,1,0,0
"AAACCGTGACGGAG.1_NK",1,1,1,1,1,1,0,1,1,1,1,1,1,1,1,1
"AAACCGTGATACCG.1_NK",1,0,1,1,1,1,1,1,1,0,1,1,1,1,0,1
"AAACCGTGCAGCTA.1_NK",1,1,1,1,1,1,1,1,1,1,1,1,1,1,1,1
"AAACCGTGCCGTTC.1_NK",1,1,1,1,1,1,1,1,1,1,0,1,1,1,0,1
"AAACCGTGCTCAAG.1_NK",1,1,1,0,1,1,1,1,1,1,1,1,1,1,1,1
"AAACCGTGGCTATG.1_NK",1,1,1,1,1,1,1,1,0,1,1,0,1,1,1,0
"AAACCGTGTGGATC.1_NK",1,1,0,1,1,0,1,1,1,1,1,1,1,1,1,1
"AAACCGTGTGTCTT.1_NK",1,1,0,0,1,1,1,1,0,1,1,1,1,1,1,1
"AAACCGTGTTGAGC.1_NK",1,1,0,1,1,1,1,1,1,1,0,1,1,1,1,1
"AAACGCACAGCCTA.1_NK",1,1,1,1,1,1,1,1,1,1,1,1,1,1,1,1
"AAACGCACCTGGTA.1_NK",1,1,1,1,1,1,1,0,1,1,0,1,1,1,1,1
"AAACGCACTAAGCC.1_NK",1,1,0,1,0,0,0,1,1,1,1,1,1,1,1,1
"AAACGCACTAGACC.1_NK",1,1,1,1,1,1,1,0,1,1,1,1,1,1,1,1
"AAACGCACTCTCCG.1_NK",0,1,1,1,1,1,1,1,1,1,1,1,1,1,1,1
"AAACGCACTTCAGG.1_NK",1,1,1,1,1,1,1,1,0,1,1,1,1,1,1,1
"AAACGCTGCCCTCA.1_NK",1,1,1,1,1,1,1,1,1,1,1,1,1,1,1,1
"AAACGCTGGACTAC.1_NK",1,1,1,1,1,1,1,1,1,1,1,1,1,0,1,1
"AAACGGCTAAACAG.1_NK",1,1,1,1,1,1,1,1,1,0,1,1,1,1,1,1
"AAACGGCTCCGTTC.1_NK",1,1,0,1,1,1,1,1,1,1,1,1,1,1,1,1
"AAACGGCTGTCAAC.1_NK",1,1,0,1,1,1,1,1,1,0,1,1,1,1,1,1
"AAACGGCTTAACCG.1_NK",1,1,1,1,1,1,1,1,1,1,1,1,1,1,1,1
"AAACGGCTTCTTAC.1_NK",1,1,0,0,1,1,1,1,1,1,1,1,1,1,1,1
"AAACGGCTTGGCAT.1_NK",1,1,1,1,1,1,1,1,1,1,1,1,1,1,1,0
"AAACTTGAAAGGGC.1_NK",1,0,1,1,0,0,1,1,1,1,0,1,1,1,1,1
"AAACTTGACCTTAT.1_NK",1,1,1,0,1,1,0,1,1,1,1,1,1,1,1,1
"AAACTTGACTGTAG.1_NK",1,1,1,1,1,1,1,1,1,1,1,1,1,1,1,1
"AAACTTGAGCCTTC.1_NK",1,1,1,1,1,1,0,1,1,1,1,1,1,1,1,1
"AAACTTGAGTCATG.1_NK",1,1,1,1,1,1,1,1,1,1,0,1,1,1,0,1
"AAACTTGATCCCGT.1_NK",1,1,1,1,1,1,1,1,1,0,1,1,1,1,1,1
"AAACTTGATGGTCA.1_NK",0,1,1,1,1,1,1,1,1,1,1,1,1,1,1,1
"AAAGACGACTCTCG.1_NK",1,1,0,1,1,1,1,1,1,1,1,1,1,0,0,1
"AAAGACGATAACGC.1_NK",1,1,1,1,1,0,1,0,1,1,1,1,1,1,1,1
"AAAGACGATACGAC.1_NK",1,1,1,1,1,1,1,1,0,1,1,1,1,1,1,0
"AAAGACGATAGTCG.1_NK",1,1,1,1,1,1,1,1,1,1,1,1,1,1,1,1
"AAAGACGATATTCC.1_NK",1,1,1,1,0,1,1,1,1,1,0,1,1,1,0,1
"AAAGACGATTCACT.1_NK",1,1,1,1,1,1,1,1,1,1,1,1,1,1,0,1
"AAAGAGACAGTTCG.1_NK",1,1,1,0,1,1,1,1,1,1,1,1,1,0,1,1
"AAAGAGACATAAGG.1_NK",1,1,1,1,1,0,1,1,1,1,1,1,1,1,1,1
"AAAGAGACATGACC.1_NK",1,0,1,1,1,1,1,1,1,1,1,1,1,1,1,1
"AAAGAGACCATCAG.1_NK",0,1,1,1,1,1,1,1,1,1,1,1,1,1,1,1
"AAAGAGACCCCACT.1_NK",1,1,1,1,0,1,1,0,1,1,1,1,1,1,1,1
"AAAGAGACCTAGCA.1_NK",1,1,0,1,1,1,1,0,1,1,1,0,1,1,1,1
"AAAGAGACGTACAC.1_NK",1,1,1,1,1,0,1,1,1,1,1,1,1,1,1,1
"AAAGAGACGTAGGG.1_NK",0,1,1,1,1,1,1,1,1,1,1,1,1,1,1,1
"AAAGATCTACTTTC.1_NK",0,1,1,1,1,1,1,1,0,1,1,1,1,1,1,1
"AAAGATCTCTTCCG.1_NK",1,1,1,1,1,1,1,0,1,1,1,1,1,1,1,1
"AAAGATCTGCCAAT.1_NK",1,1,1,1,1,1,1,0,1,0,1,1,1,1,1,1
"AAAGATCTTTTCTG.1_NK",1,1,1,1,1,1,1,1,1,1,1,1,1,1,1,0
"AAAGCAGAAGCACT.1_NK",1,1,1,0,1,0,1,1,1,1,0,1,1,0,1,1
"AAAGCAGAGGTGGA.1_NK",1,1,1,1,1,1,0,1,1,1,1,0,1,1,1,1
"AAAGCAGATGCAAC.1_NK",1,1,1,1,1,1,1,1,0,1,1,0,0,1,1,1
"AAAGCAGATGGTTG.1_NK",1,1,1,1,1,1,1,1,1,1,1,1,1,1,1,1
"AAAGCCTGGATGAA.1_NK",1,1,1,1,1,1,1,1,1,1,1,0,1,1,1,1
"AAAGCCTGGTGAGG.1_NK",1,0,1,1,1,1,1,1,1,1,1,0,1,0,1,1
"AAAGCCTGTACTCT.1_NK",1,1,1,1,1,1,1,1,1,1,1,1,1,1,1,1
"AAAGGCCTAGTACC.1_NK",0,1,1,1,1,1,1,1,1,1,1,1,1,1,1,1
"AAAGGCCTATCACG.1_NK",1,1,1,1,1,0,1,1,1,1,0,1,1,1,1,1
"AAAGGCCTATTGGC.1_NK",1,1,1,1,1,1,1,1,1,0,1,0,1,1,1,1
"AAAGGCCTCGACTA.1_NK",1,1,1,1,1,1,1,1,1,0,1,1,1,1,1,1
"AAAGGCCTCTACGA.1_NK",1,0,1,1,1,1,1,1,1,1,0,1,1,1,1,1
"AAAGGCCTCTGGTA.1_NK",0,1,1,1,1,1,1,1,1,1,0,1,1,1,1,1
"AAAGGCCTCTTCCG.1_NK",1,1,1,1,1,1,1,1,1,1,1,1,1,1,1,1
"AAAGGCCTGCCTTC.1_NK",1,1,1,1,1,1,1,1,1,1,1,1,1,1,1,1
"AAAGTTTGAAGTGA.1_NK",1,1,1,1,1,1,1,1,1,1,1,1,1,1,1,1
"AAAGTTTGAGTGTC.1_NK",1,1,1,1,1,1,1,1,1,1,1,1,1,1,1,1
"AAAGTTTGTCCTAT.1_NK",1,1,1,1,1,1,1,1,1,1,1,1,1,1,1,1
"AAAGTTTGTGCCTC.1_NK",1,1,0,0,1,1,1,1,1,1,0,1,1,1,1,1
"AAAGTTTGTGGGAG.1_NK",1,0,1,1,1,1,1,1,1,1,0,0,0,0,1,1
"AAATACTGCATCAG.1_NK",0,1,1,1,1,1,1,1,1,1,1,1,0,1,1,0
"AAATACTGCTTGTT.1_NK",1,1,1,0,1,1,1,1,1,1,1,1,1,1,1,1
"AAATACTGGCGAAG.1_NK",1,1,1,1,1,1,1,1,1,1,0,0,1,1,1,1
"AAATACTGGCTAAC.1_NK",1,1,1,1,1,1,1,1,1,1,0,1,1,1,1,1
"AAATACTGTCGTTT.1_NK",0,1,1,1,1,1,1,1,1,1,1,1,1,1,0,0
"AAATCAACCATTGG.1_NK",1,0,1,1,1,0,1,1,1,1,1,1,1,1,1,1
"AAATCAACCCTATT.1_NK",0,1,1,1,1,1,1,1,1,1,1,1,1,1,1,1
"AAATCAACTCACGA.1_NK",1,1,1,1,0,1,1,1,1,1,1,0,1,1,1,1
"AAATCATGGGACTT.1_NK",1,1,0,1,1,1,1,1,1,1,1,1,1,1,1,1
"AAATCCCTACAGCT.1_NK",1,1,1,1,1,1,1,1,1,1,1,1,1,1,0,1
"AAATCCCTACCTTT.1_NK",1,1,1,1,0,1,1,1,1,1,1,1,1,1,1,0
"AAATCCCTATTGGC.1_NK",1,1,1,1,1,1,1,1,1,1,1,1,1,1,1,1
"AAATCCCTCATGAC.1_NK",1,1,1,1,1,1,1,1,1,1,1,1,0,1,1,1
"AAATCCCTCGTGAT.1_NK",0,1,1,0,1,1,1,1,0,1,1,1,1,1,1,1
"AAATCCCTCTCGCT.1_NK",1,1,1,1,1,1,1,1,1,1,1,1,1,1,1,1
"AAATCCCTCTGACA.1_NK",0,1,1,1,1,1,1,1,1,0,1,0,1,1,1,1
"AAATCCCTTCACCC.1_NK",1,1,1,1,0,1,1,0,1,1,1,1,1,1,1,1
"AAATCCCTTCAGAC.1_NK",1,1,1,1,1,1,1,1,1,1,0,1,1,1,1,1
"AAATCTGAACGACT.1_NK",0,1,1,1,1,1,1,1,1,1,1,1,1,1,1,1
"AAATCTGATACTCT.1_NK",1,1,1,1,1,1,1,0,1,0,1,1,1,1,1,1
"AAATCTGATCCTCG.1_NK",1,1,1,1,1,1,1,1,1,1,1,1,1,1,1,1
"AAACATACCAGTCA.1_N",1,1,1,1,1,1,1,1,1,1,1,0,1,1,1,0
"AAACATACGGTATC.1_N",0,1,0,1,1,1,1,0,1,1,1,1,1,1,1,1
"AAACATACTCCGAA.1_N",1,1,1,1,1,1,1,0,1,0,0,1,1,1,1,0
"AAACATACTGATGC.1_N",1,1,0,1,1,1,1,1,1,1,1,1,1,1,1,1
"AAACATACTGCACA.1_N",1,1,0,1,1,0,1,1,1,1,1,1,1,1,1,1
"AAACATTGAAAACG.1_N",0,1,1,1,1,1,1,0,1,1,1,1,1,1,1,1
"AAACATTGCAGCTA.1_N",1,1,1,1,1,1,1,1,1,1,1,1,1,1,1,1
"AAACATTGCTTGAG.1_N",1,1,1,0,1,1,1,1,1,1,1,1,1,1,1,1
"AAACATTGGAATCC.1_N",1,1,1,1,1,1,1,1,0,1,1,1,1,0,1,1
"AAACATTGGCCTTC.1_N",1,1,1,1,1,1,1,1,1,1,1,1,0,1,1,1
"AAACATTGGTGCTA.1_N",1,1,1,1,1,1,1,1,1,1,1,1,1,1,1,0
"AAACCGTGATAAGG.1_N",0,1,1,1,1,1,1,1,1,1,1,1,0,1,1,1
"AAACCGTGCACCAA.1_N",1,1,1,0,1,1,1,0,1,1,1,0,1,1,1,1
"AAACCGTGGCATAC.1_N",0,1,0,1,0,1,1,1,0,1,1,1,1,1,1,0
"AAACCGTGGCTTCC.1_N",1,1,0,1,0,1,0,1,1,1,1,1,1,1,1,1
"AAACCGTGGGTTCA.1_N",1,1,1,1,1,1,1,1,1,1,1,1,1,1,1,1
"AAACCGTGGTAGGG.1_N",1,1,1,1,1,1,1,1,1,1,1,1,1,1,1,1
"AAACCGTGGTGCTA.1_N",1,1,1,1,1,1,1,1,1,0,1,1,1,1,1,1
"AAACCGTGGTTGTG.1_N",1,1,1,1,1,1,1,1,1,1,1,0,0,0,1,1
"AAACCGTGTGCAGT.1_N",1,1,0,1,1,1,1,1,1,1,1,1,1,1,1,1
"AAACGCACAAACAG.1_N",1,1,1,1,1,1,1,1,1,1,1,1,1,0,0,1
"AAACGCACAACGAA.1_N",1,1,1,1,1,1,1,1,1,1,1,0,1,1,0,1
"AAACGCACAGATCC.1_N",1,1,1,1,1,1,1,1,1,0,1,1,1,1,1,1
"AAACGCACCATTTC.1_N",1,1,1,1,1,1,1,0,1,1,1,1,1,1,1,1
"AAACGCACGACTAC.1_N",1,1,1,1,1,1,1,1,1,1,1,1,1,1,0,0
"AAACGCACGTGCAT.1_N",1,0,1,1,1,1,1,1,1,0,1,1,1,1,1,1
"AAACGCACTCTCTA.1_N",1,1,1,1,1,0,0,1,1,1,1,1,1,1,1,1
"AAACGCTGACACGT.1_N",1,1,1,1,1,1,1,0,1,1,1,1,1,1,1,1
"AAACGCTGACCTGA.1_N",1,1,1,1,1,1,1,1,1,1,1,0,1,1,0,1
"AAACGCTGATAAGG.1_N",1,1,1,1,1,1,1,0,1,0,1,1,0,1,1,1
"AAACGCTGCCAACA.1_N",1,1,1,1,1,1,1,1,1,1,0,1,1,0,1,1
"AAACGCTGCTACGA.1_N",1,0,1,1,0,1,1,1,1,1,1,1,1,1,1,1
"AAACGCTGGACTAC.1_N",0,1,1,0,1,1,1,1,1,1,1,1,0,1,1,1
"AAACGCTGGGTATC.1_N",1,1,1,1,1,1,1,1,1,1,1,1,1,1,1,1
"AAACGCTGGTACGT.1_N",1,1,1,1,1,1,1,0,1,1,1,1,1,1,1,1
"AAACGGCTAGCTCA.1_N",1,1,1,1,1,1,1,1,1,1,1,1,1,1,1,1
"AAACGGCTAGGGTG.1_N",1,1,1,1,1,1,1,1,1,1,1,1,1,1,1,1
"AAACGGCTATGTGC.1_N",1,1,1,1,1,1,1,1,1,1,1,1,1,1,1,1
"AAACGGCTCGGAGA.1_N",1,1,1,1,0,1,1,0,1,1,1,1,1,1,1,1
"AAACGGCTCTAGTG.1_N",1,0,1,1,1,0,0,1,1,1,1,1,1,0,1,1
"AAACGGCTTAGCGT.1_N",1,1,1,1,1,1,1,1,1,1,1,0,1,1,1,1
"AAACGGCTTGAACC.1_N",1,1,1,1,1,1,1,1,1,1,1,1,1,1,1,1
"AAACTTGAAGTGCT.1_N",1,1,1,1,1,1,0,1,1,1,1,1,1,1,1,1
"AAACTTGACACTTT.1_N",1,1,1,1,1,0,1,1,1,1,1,0,1,1,1,1
"AAACTTGACCGCTT.1_N",1,1,1,1,1,1,1,1,1,1,0,1,1,1,1,1
"AAACTTGACGGGAA.1_N",1,1,1,1,1,1,0,1,1,1,1,1,1,1,1,1
"AAACTTGACTCCCA.1_N",1,1,1,1,1,1,1,1,1,1,1,1,1,1,1,1
"AAACTTGAGGTGTT.1_N",1,1,1,1,1,1,0,1,1,1,0,1,1,1,1,1
"AAACTTGAGTTCAG.1_N",1,1,1,1,1,0,0,0,1,1,0,1,1,1,1,1
"AAACTTGATCCGAA.1_N",1,1,0,1,1,1,0,1,1,1,1,1,1,1,0,0
"AAACTTGATCCTTA.1_N",1,1,1,1,1,1,1,1,1,1,1,1,1,1,1,1
"AAACTTGATGACAC.1_N",1,1,1,1,1,1,1,1,1,1,1,1,1,1,1,1
"AAAGACGAACGACT.1_N",1,1,1,1,1,0,1,0,1,1,1,1,1,1,0,1
"AAAGACGAAGCGGA.1_N",1,1,1,1,1,1,1,1,0,1,1,1,1,1,1,1
"AAAGACGACCCACT.1_N",1,1,1,1,1,0,0,0,1,1,1,1,0,1,1,0
"AAAGACGACTAGAC.1_N",1,1,1,1,1,1,1,1,1,1,1,1,1,1,1,1
"AAAGACGACTGTAG.1_N",1,1,1,1,1,1,1,1,0,1,1,1,1,1,1,1
"AAAGACGATCCTAT.1_N",1,1,1,1,1,1,0,1,1,1,1,1,1,1,1,1
"AAAGAGACAGTCTG.1_N",1,1,1,1,1,1,1,1,1,0,1,1,1,0,1,1
"AAAGAGACCCTCCA.1_N",1,1,1,1,1,0,1,1,1,1,1,1,0,1,1,1
"AAAGAGACCTCTAT.1_N",1,1,1,1,1,1,1,1,1,1,1,1,1,1,1,1
"AAAGAGACCTGGTA.1_N",1,1,1,1,1,1,1,1,1,1,1,1,1,1,1,0
"AAAGAGACCTTACT.1_N",0,1,1,1,1,1,1,1,1,1,1,1,1,1,1,1
"AAAGAGACTCCTCG.1_N",1,0,0,1,1,1,1,1,0,0,1,1,1,1,0,1
"AAAGAGACTTCCGC.1_N",0,0,1,1,1,1,1,1,1,1,1,1,1,1,1,1
"AAAGATCTCAGTTG.1_N",1,1,1,1,1,1,1,1,1,0,1,1,1,1,1,1
"AAAGATCTGCCTTC.1_N",1,0,1,1,1,1,1,1,1,1,0,1,1,1,1,0
"AAAGATCTTTTACC.1_N",1,0,1,1,1,1,1,1,1,1,0,1,1,1,1,1
"AAAGATCTTTTGCT.1_N",1,1,1,1,1,1,1,1,1,1,1,1,1,1,1,1
"AAAGCAGAACGACT.1_N",0,1,1,1,1,0,1,0,1,1,1,1,1,1,1,1
"AAAGCAGAACGTTG.1_N",1,1,0,1,1,1,1,1,1,1,1,1,1,1,1,1
"AAAGCAGAAGAACA.1_N",1,1,1,1,1,1,0,1,1,1,1,1,1,1,1,1
"AAAGCAGACTACGA.1_N",1,1,1,1,1,1,1,0,0,1,1,0,0,1,1,1
"AAAGCAGAGCTAAC.1_N",1,1,1,1,0,1,0,1,1,1,1,1,1,1,1,1
"AAAGCAGATATGGC.1_N",1,1,1,1,1,1,1,1,1,1,1,1,1,1,1,1
"AAAGCAGATCCTTA.1_N",1,1,1,0,0,1,1,0,1,1,0,1,1,1,1,1
"AAAGCAGATCTTTG.1_N",1,1,1,1,1,0,1,1,1,1,1,1,1,0,0,1
"AAAGCAGATTCGCC.1_N",1,1,1,1,1,1,1,1,1,0,1,1,1,1,1,1
"AAAGCCTGAACCAC.1_N",0,1,1,1,1,1,1,1,1,1,1,1,1,1,1,1
"AAAGCCTGACGGTT.1_N",1,1,1,1,1,1,1,1,1,1,1,0,1,0,1,1
"AAAGCCTGAGAGGC.1_N",1,1,1,1,1,1,1,1,1,1,1,1,1,1,1,1
"AAAGCCTGATTCCT.1_N",1,1,1,1,0,1,1,1,1,1,1,1,1,1,0,1
"AAAGCCTGCTCAGA.1_N",1,1,1,1,1,1,1,1,1,1,1,0,1,1,0,1
"AAAGCCTGCTCCAC.1_N",1,1,1,1,0,1,1,1,1,1,1,1,1,1,1,1
"AAAGCCTGCTGTCC.1_N",0,1,1,1,1,1,1,1,1,1,1,1,1,1,0,1
"AAAGCCTGGAACCT.1_N",1,1,0,1,1,1,0,1,1,1,1,1,1,1,1,1
"AAAGGCCTAAGTGA.1_N",1,1,1,1,0,1,1,1,0,1,0,1,1,1,1,1
"AAAGGCCTACGGGA.1_N",1,1,1,1,1,1,1,1,1,1,1,1,1,1,1,1
"AAAGGCCTATCTCT.1_N",1,1,0,1,1,1,1,1,1,1,1,1,1,1,1,1
"AAAGGCCTGACACT.1_N",1,1,1,1,1,1,1,1,1,1,1,1,1,0,1,0
"AAAGGCCTGGCAAG.1_N",1,1,1,1,1,0,1,0,1,1,1,0,1,1,0,1
"AAAGTTTGACACAC.1_N",1,1,1,1,0,0,1,1,1,1,1,1,0,1,1,1
"AAAGTTTGCTCCCA.1_N",1,1,1,1,1,1,1,1,1,1,1,1,1,1,1,1
"AAAGTTTGTATGCG.1_N",1,1,1,1,1,1,1,1,1,0,0,0,0,0,0,1
"AAAGTTTGTCTACT.1_N",1,1,1,1,1,0,1,1,0,1,1,1,1,0,1,1
"AAAGTTTGTTGCAG.1_N",1,1,1,1,1,1,1,1,1,1,1,1,1,1,1,1
"AAATACTGACCAGT.1_N",1,0,1,1,1,1,1,1,1,1,1,1,1,1,1,1
"AAATACTGAGTCTG.1_N",1,1,1,1,1,1,0,1,1,1,1,0,0,1,1,1
"AAATACTGCGTACA.1_N",1,1,1,1,1,1,1,1,1,1,0,1,1,1,1,1
"AAATACTGGCGAGA.1_N",1,1,1,0,1,0,0,1,1,1,1,1,1,1,1,1
