"","0denseSpace.csv","1denseSpace.csv","2denseSpace.csv","3denseSpace.csv","4denseSpace.csv","5denseSpace.csv","6denseSpace.csv","7denseSpace.csv"
"AAACATACAATGCC.1_B",1,4,2,3,1,3,1,1
"AAACATACACGCAT.1_B",1,4,2,3,1,3,1,1
"AAACATACGAATAG.1_B",1,1,1,2,3,3,2,1
"AAACATACGGTGTT.1_B",1,4,1,6,3,3,2,2
"AAACATACGTGTCA.1_B",1,4,1,2,3,3,2,2
"AAACATACTCTTAC.1_B",1,1,2,3,1,3,1,1
"AAACATTGCTGATG.1_B",1,6,1,2,3,3,2,2
"AAACATTGGCCCTT.1_B",1,1,1,2,3,3,2,1
"AAACATTGGTGCAT.1_B",1,4,1,2,3,3,2,2
"AAACATTGTTTGGG.1_B",1,1,2,3,1,3,1,1
"AAACCGTGACGGTT.1_B",1,4,1,2,3,3,2,2
"AAACCGTGCTCCAC.1_B",1,4,2,3,1,3,1,2
"AAACCGTGCTCGCT.1_B",1,4,1,2,3,3,2,2
"AAACCGTGGGGACA.1_B",1,4,2,3,1,3,1,2
"AAACCGTGTGCATG.1_B",1,1,1,2,3,3,2,1
"AAACGCACATCACG.1_B",1,1,1,2,3,3,2,1
"AAACGCACCCAGTA.1_B",1,4,1,2,3,3,2,2
"AAACGCACGCCCTT.1_B",1,4,2,3,1,3,1,2
"AAACGCACGTACCA.1_B",1,1,1,2,3,3,2,1
"AAACGCACGTGTAC.1_B",1,4,2,3,1,3,1,2
"AAACGCACTCACCC.1_B",1,1,1,2,3,3,2,1
"AAACGCACTTCACT.1_B",1,1,1,2,3,3,2,1
"AAACGCACTTCCAT.1_B",1,1,1,2,3,3,2,1
"AAACGCTGATCTTC.1_B",1,4,2,3,1,1,1,1
"AAACGCTGCCCTCA.1_B",1,1,1,2,3,3,2,1
"AAACGCTGCCTACC.1_B",1,4,1,2,3,3,2,2
"AAACGCTGCTGTAG.1_B",1,4,2,3,1,3,1,2
"AAACGCTGCTTCTA.1_B",1,1,1,2,3,3,2,1
"AAACGCTGGCCTTC.1_B",1,4,1,2,3,3,2,2
"AAACGGCTAGCCTA.1_B",1,4,1,2,3,3,2,2
"AAACGGCTGCATAC.1_B",1,4,1,2,3,3,2,2
"AAACGGCTGTTACG.1_B",1,1,1,2,3,3,2,1
"AAACGGCTTGTCAG.1_B",1,1,1,2,3,3,2,1
"AAACTTGAACGCTA.1_B",1,1,1,2,3,3,2,1
"AAACTTGAACGTAC.1_B",1,1,2,3,1,3,1,1
"AAACTTGATCCTTA.1_B",1,4,2,3,1,3,1,2
"AAACTTGATCTTAC.1_B",1,4,1,2,3,3,2,2
"AAACTTGATGCCCT.1_B",1,1,1,2,3,3,2,1
"AAACTTGATTTACC.1_B",1,4,2,3,1,3,1,2
"AAACTTGATTTGGG.1_B",1,4,1,6,3,3,2,2
"AAAGACGAACAGTC.1_B",1,4,1,2,3,3,2,2
"AAAGACGACAATCG.1_B",1,1,4,3,1,3,1,1
"AAAGACGACAGAGG.1_B",1,1,1,2,3,3,2,1
"AAAGACGACCAATG.1_B",1,1,1,2,3,3,2,1
"AAAGACGACCTTAT.1_B",1,4,1,2,3,3,2,2
"AAAGACGAGTGCTA.1_B",1,4,1,2,3,3,2,2
"AAAGACGATAAGGA.1_B",1,1,1,2,3,3,2,1
"AAAGACGATGTCGA.1_B",1,1,1,2,3,3,2,1
"AAAGACGATTGCTT.1_B",1,1,1,2,3,3,2,1
"AAAGAGACAAACGA.1_B",5,6,6,5,6,4,7,7
"AAAGAGACCAGTCA.1_B",1,1,1,2,3,3,2,1
"AAAGAGACCGTCTC.1_B",1,4,1,2,3,3,2,1
"AAAGAGACGAACTC.1_B",1,4,2,3,1,3,1,1
"AAAGAGACTGAAGA.1_B",1,4,2,3,1,3,3,2
"AAAGATCTACCAAC.1_B",1,4,2,3,1,3,1,1
"AAAGATCTAGGAGC.1_B",1,1,1,2,3,1,2,1
"AAAGATCTCCGAAT.1_B",1,1,1,2,3,3,2,1
"AAAGATCTGGTCTA.1_B",1,1,1,2,3,3,2,1
"AAAGATCTGTGCAT.1_B",1,4,2,3,1,3,1,2
"AAAGATCTTCGTAG.1_B",1,4,2,2,3,3,2,2
"AAAGATCTTCTTAC.1_B",1,4,2,3,1,3,1,1
"AAAGATCTTGATGC.1_B",1,1,1,2,3,3,2,1
"AAAGCAGAACCAAC.1_B",1,4,2,3,1,3,1,2
"AAAGCAGAGTACGT.1_B",1,5,2,3,1,2,4,2
"AAAGCAGATATCGG.1_B",1,1,1,2,3,3,2,1
"AAAGCAGATTATCC.1_B",1,4,2,3,1,3,1,2
"AAAGCCTGAGGGTG.1_B",1,1,1,3,1,3,1,1
"AAAGCCTGATGACC.1_B",1,4,1,2,3,3,2,2
"AAAGCCTGCCTTCG.1_B",1,4,2,3,1,3,1,1
"AAAGCCTGGAACCT.1_B",1,4,2,3,1,3,1,2
"AAAGCCTGGTCACA.1_B",1,4,1,2,3,3,2,1
"AAAGCCTGTAACCG.1_B",1,6,2,3,1,6,6,2
"AAAGCCTGTTCATC.1_B",1,1,1,2,3,3,2,1
"AAAGGCCTCATTCT.1_B",1,1,1,2,3,3,2,1
"AAAGGCCTCCTGTC.1_B",1,4,1,2,3,3,2,2
"AAAGGCCTCGAGTT.1_B",5,4,2,3,1,3,6,2
"AAAGGCCTGGCATT.1_B",1,1,1,2,3,3,2,1
"AAAGGCCTGGTTCA.1_B",1,1,2,3,1,3,1,1
"AAAGGCCTTATTCC.1_B",1,1,2,3,1,3,4,4
"AAAGGCCTTTCCAT.1_B",1,1,1,6,3,3,2,1
"AAAGTTTGATGGTC.1_B",1,1,2,3,1,3,1,1
"AAAGTTTGCTTCCG.1_B",1,4,1,3,1,3,1,2
"AAAGTTTGTCCTAT.1_B",1,1,2,3,1,3,1,1
"AAAGTTTGTGCAGT.1_B",1,1,2,3,1,3,1,1
"AAATACTGCCATGA.1_B",1,1,2,3,1,3,1,1
"AAATACTGGTACAC.1_B",1,4,1,2,3,3,2,2
"AAATACTGTTACTC.1_B",1,4,2,3,1,3,1,2
"AAATACTGTTGACG.1_B",1,4,2,2,3,3,2,2
"AAATCAACACACTG.1_B",1,1,1,2,3,3,2,1
"AAATCAACACCCAA.1_B",1,1,1,2,3,3,2,1
"AAATCAACATGTCG.1_B",1,1,1,2,3,3,2,1
"AAATCAACCCAATG.1_B",1,1,1,2,3,3,2,1
"AAATCAACGGGAGT.1_B",1,1,2,3,1,3,1,1
"AAATCAACTCCAGA.1_B",1,4,1,2,3,3,2,2
"AAATCAACTTTACC.1_B",1,4,1,2,3,3,2,2
"AAATCATGACTGGT.1_B",1,4,1,2,3,3,2,2
"AAATCATGAGTCGT.1_B",1,4,1,2,3,3,2,2
"AAATCATGCATACG.1_B",1,1,1,2,3,3,2,1
"AAATCATGCCGCTT.1_B",1,4,1,2,3,3,2,2
"AAATCATGCGTTGA.1_B",1,4,1,2,3,3,2,2
"AAACATACCACTAG.1_M",2,2,4,1,2,1,3,3
"AAACATACGTTCAG.1_M",2,2,4,1,2,1,3,3
"AAACATTGACGGTT.1_M",2,2,4,2,3,1,2,3
"AAACATTGCTTCGC.1_M",2,2,4,1,2,1,3,3
"AAACATTGGGCAAG.1_M",2,2,4,2,3,1,2,3
"AAACATTGTTTGTC.1_M",2,2,4,1,2,2,3,3
"AAACGCACGGACTT.1_M",2,1,1,6,6,2,2,4
"AAACGGCTACGGAG.1_M",2,2,4,1,2,1,3,3
"AAACGGCTAGTCAC.1_M",2,2,4,1,2,1,4,3
"AAACGGCTCAGCTA.1_M",2,2,4,2,3,1,2,3
"AAAGACGACCGTAA.1_M",2,3,4,2,6,1,2,3
"AAAGACGACTCGCT.1_M",2,2,4,2,3,1,2,3
"AAAGACGAGGTAAA.1_M",2,2,4,2,3,1,2,3
"AAAGACGATCAAGC.1_M",2,2,4,1,2,1,3,3
"AAAGATCTTGCATG.1_M",2,2,4,1,2,1,3,3
"AAAGCAGAGATAGA.1_M",2,2,4,1,2,1,3,3
"AAAGCCTGCAACCA.1_M",2,2,4,1,2,1,3,3
"AAAGCCTGTGCTCC.1_M",2,3,1,2,3,1,2,3
"AAAGGCCTCGCAAT.1_M",2,2,4,1,2,1,3,3
"AAATACTGACAGTC.1_M",2,3,4,2,3,1,2,3
"AAATACTGACGGTT.1_M",2,3,4,1,2,1,3,3
"AAATACTGTGGATC.1_M",2,5,4,1,4,2,3,4
"AAATCAACTTGTCT.1_M",2,2,4,1,2,1,3,3
"AAATCATGTAGCGT.1_M",2,3,4,1,2,1,4,3
"AAATCCCTGCTGTA.1_M",2,3,4,1,2,1,3,3
"AAATCCCTGTTCTT.1_M",2,3,4,2,6,1,2,3
"AAATCTGAAACCAC.1_M",2,2,4,1,2,1,3,3
"AAATCTGACTCATT.1_M",2,2,4,1,2,1,3,3
"AAATCTGAGCTACA.1_M",2,2,4,2,3,1,2,3
"AAATCTGATCACGA.1_M",2,3,4,1,2,1,3,3
"AAATGGGAAGTAGA.1_M",2,3,4,2,6,4,2,3
"AAATGGGACGAATC.1_M",5,7,6,6,6,5,5,5
"AAATGGGATAACGC.1_M",2,2,4,1,2,1,3,3
"AAATGGGATAGTCG.1_M",2,2,4,1,2,1,3,3
"AAATGTTGAGAACA.1_M",2,3,4,1,2,1,3,3
"AAATTGACAGGGTG.1_M",2,2,4,1,2,1,3,3
"AAATTGACTGGGAG.1_M",4,2,4,2,3,1,2,3
"AAATTGACTGTCCC.1_M",2,3,4,2,3,1,2,3
"AACAAACTCAATCG.1_M",2,2,4,2,3,1,2,3
"AACAAACTCTTGTT.1_M",2,3,4,1,2,1,3,3
"AACACGTGAAGAAC.1_M",2,3,4,1,4,2,3,3
"AACACTCTGCGTAT.1_M",2,3,4,2,6,1,7,3
"AACAGAGACGCTAA.1_M",2,2,4,1,2,1,3,3
"AACAGAGATCATTC.1_M",2,3,4,1,2,1,3,3
"AACAGCACAAGCAA.1_M",2,2,4,1,2,1,3,3
"AACAGCACGTATCG.1_M",2,2,4,1,2,1,3,3
"AACATATGACAGTC.1_M",2,3,4,1,2,1,3,3
"AACATATGCTCCAC.1_M",2,2,4,1,2,1,3,3
"AACATATGGCAGAG.1_M",2,2,4,1,2,1,3,3
"AACATATGGTATCG.1_M",2,2,4,1,2,1,3,3
"AACATTGATCGATG.1_M",2,2,4,1,2,1,3,3
"AACCACGAAATGCC.1_M",2,2,4,1,2,1,3,3
"AACCAGTGCTTCGC.1_M",2,2,4,1,2,1,3,3
"AACCAGTGGACACT.1_M",2,3,4,1,2,4,3,3
"AACCAGTGTCCAGA.1_M",2,2,4,1,2,1,3,3
"AACCCAGACCTTTA.1_M",2,3,2,4,2,1,4,3
"AACCGATGACCTAG.1_M",2,2,4,1,2,1,3,3
"AACCGATGGGGATG.1_M",2,2,4,2,3,1,2,3
"AACCGCCTTCGTGA.1_M",2,2,4,1,2,1,3,3
"AACCGCCTTGAGAA.1_M",2,3,4,1,2,3,3,4
"AACCGCCTTTCACT.1_M",2,2,4,1,2,1,4,3
"AACCTACTTGATGC.1_M",2,2,4,1,2,1,3,3
"AACCTTACGACAGG.1_M",2,2,4,1,2,1,3,3
"AACCTTACGCCCTT.1_M",2,2,4,2,3,1,2,3
"AACCTTTGTTGTGG.1_M",2,2,4,1,2,1,3,4
"AACGCAACTAAGGA.1_M",2,3,4,1,2,1,3,3
"AACGCATGCGTTGA.1_M",2,3,4,1,2,1,3,3
"AACGCATGCTGAAC.1_M",2,2,4,1,2,1,3,3
"AACGCCCTCCCAAA.1_M",2,2,4,1,2,1,3,3
"AACGGTACAAGGCG.1_M",2,2,4,1,2,1,3,3
"AACGGTACCTGTGA.1_M",2,2,4,1,2,1,3,3
"AACGGTACTATGCG.1_M",2,2,4,1,2,1,3,3
"AACGGTTGGCCATA.1_M",2,2,4,1,2,1,3,3
"AACGGTTGTCTACT.1_M",2,3,4,1,2,1,3,3
"AACGTCGAAAGTAG.1_M",2,2,4,1,2,1,3,3
"AACGTCGACTCTTA.1_M",2,2,4,1,2,1,3,3
"AACGTCGAGGCATT.1_M",2,3,4,1,1,1,3,2
"AACGTGTGATTGGC.1_M",1,2,4,2,3,1,2,3
"AACGTGTGCCAACA.1_M",2,2,4,1,2,1,3,3
"AACGTTCTCACTTT.1_M",2,2,4,2,3,1,2,3
"AACGTTCTGCGGAA.1_M",2,2,4,2,3,1,2,3
"AACGTTCTGGCAAG.1_M",2,3,4,2,3,1,2,3
"AACTACCTGATACC.1_M",2,2,4,1,2,4,6,3
"AACTACCTGTCATG.1_M",2,2,4,2,3,1,2,3
"AACTCACTCGTTGA.1_M",2,2,4,2,3,1,2,3
"AACTCACTCTTGGA.1_M",2,2,4,6,6,4,2,3
"AACTCGGAATACCG.1_M",2,2,4,1,2,1,3,3
"AACTCTTGACTAGC.1_M",2,2,4,2,3,1,2,3
"AACTCTTGGATGAA.1_M",2,2,4,2,3,1,2,3
"AACTGTCTAGTGCT.1_M",2,3,4,1,2,1,3,3
"AACTGTCTCCTTTA.1_M",2,2,4,1,2,1,3,3
"AACTGTCTTCTAGG.1_M",2,5,4,1,2,1,3,3
"AACTTGCTCCTTAT.1_M",2,2,4,2,3,1,2,3
"AACTTGCTGGAAAT.1_M",2,3,4,1,2,1,3,3
"AAGAAGACCTTGGA.1_M",3,5,3,4,4,2,3,4
"AAGAATCTCTGATG.1_M",3,4,4,1,4,2,3,4
"AAGAATCTTACTTC.1_M",2,2,4,1,2,1,3,3
"AAGAATCTTCTGGA.1_M",2,2,4,1,2,1,3,3
"AAGACAGACGCAAT.1_M",2,2,4,1,2,1,3,3
"AAGAGATGGAAAGT.1_M",2,2,4,2,6,1,2,3
"AAACATACATTCTC.1_S",3,5,3,4,4,2,4,4
"AAACATTGCGATAC.1_S",3,5,3,4,4,2,4,4
"AAACATTGCGTCTC.1_S",3,5,3,4,4,2,4,4
"AAACATTGGCCAAT.1_S",3,5,3,4,4,2,4,4
"AAACATTGGCCATA.1_S",3,5,3,4,4,2,4,4
"AAACATTGGTACGT.1_S",3,5,3,4,4,2,4,4
"AAACATTGTCCCGT.1_S",3,5,3,4,4,2,4,4
"AAACCGTGACCTTT.1_S",3,5,3,4,4,2,4,4
"AAACCGTGTCAGTG.1_S",3,1,3,4,4,2,4,4
"AAACCGTGTCGTGA.1_S",1,4,1,2,3,3,2,2
"AAACGCACAGAGGC.1_S",3,5,3,2,3,2,2,4
"AAACGCACCACAAC.1_S",1,1,2,3,1,3,1,1
"AAACGCACCAGTTG.1_S",3,5,3,4,4,2,4,4
"AAACGCACTCTCGC.1_S",3,1,1,2,3,2,5,4
"AAACGCACTTCTAC.1_S",2,3,4,4,2,1,3,3
"AAACGCACTTTCTG.1_S",3,5,3,4,4,2,4,4
"AAACGCTGAACCAC.1_S",1,1,2,3,1,3,1,1
"AAACGCTGAACTGC.1_S",3,5,3,4,5,2,6,6
"AAACGCTGCATCAG.1_S",3,5,3,4,4,2,4,4
"AAACGCTGGTAAGA.1_S",3,5,3,4,4,2,4,4
"AAACGCTGTCTTTG.1_S",3,5,3,4,4,2,4,4
"AAACGCTGTTTCGT.1_S",2,3,4,1,2,1,3,3
"AAACGGCTCAGCTA.1_S",3,5,3,4,4,2,4,4
"AAACGGCTGCTGAT.1_S",3,5,3,4,4,2,4,4
"AAACGGCTGGGATG.1_S",5,4,4,4,1,3,4,2
"AAACTTGAAAACGA.1_S",3,5,3,4,4,2,4,4
"AAACTTGAACCACA.1_S",1,4,1,2,3,3,2,2
"AAACTTGAATCGAC.1_S",2,3,3,4,2,2,4,3
"AAACTTGAGACAAA.1_S",3,5,3,4,4,2,4,4
"AAACTTGAGAGGTG.1_S",3,5,3,4,4,2,4,4
"AAACTTGAGTCTTT.1_S",3,5,3,4,4,2,4,4
"AAACTTGAGTTTCT.1_S",3,5,3,4,4,2,4,4
"AAACTTGATAAGCC.1_S",1,4,2,4,1,3,4,3
"AAACTTGATTGTCT.1_S",3,5,3,4,4,2,4,4
"AAAGACGAAAGAGT.1_S",1,4,2,3,1,3,1,1
"AAAGACGAACTTTC.1_S",3,1,4,4,4,2,4,4
"AAAGACGAAGGCGA.1_S",3,5,3,4,4,2,4,4
"AAAGACGAAGTGTC.1_S",5,1,4,2,3,2,2,4
"AAAGACGACACCAA.1_S",3,5,3,4,4,2,4,4
"AAAGACGACCACAA.1_S",3,5,3,4,4,2,4,4
"AAAGACGACCGATA.1_S",2,5,3,4,4,2,4,3
"AAAGACGAGATAAG.1_S",2,3,4,1,2,1,3,3
"AAAGACGAGGTATC.1_S",3,5,3,4,4,2,4,4
"AAAGACGATAGACC.1_S",1,1,1,2,3,3,2,3
"AAAGAGACAGAACA.1_S",3,5,3,4,4,2,4,4
"AAAGAGACATCTCT.1_S",3,5,3,4,4,2,4,4
"AAAGATCTACACCA.1_S",5,1,4,4,4,2,4,4
"AAAGATCTACTCTT.1_S",3,4,2,4,4,2,1,4
"AAAGATCTCACTTT.1_S",4,6,4,4,4,4,6,5
"AAAGATCTGCCCTT.1_S",3,1,4,4,4,1,4,4
"AAAGATCTGCTTCC.1_S",4,1,1,6,3,3,2,4
"AAAGATCTGTATCG.1_S",3,1,4,7,4,2,4,4
"AAAGATCTTGATGC.1_S",3,5,4,4,4,2,4,4
"AAAGCAGACACTTT.1_S",3,1,4,4,4,2,4,3
"AAAGCAGACCGTAA.1_S",3,1,3,4,4,2,4,4
"AAAGCAGACCTCAC.1_S",3,5,4,2,4,2,5,4
"AAAGCAGACTTACT.1_S",3,5,3,4,4,2,4,4
"AAAGCAGAGGACAG.1_S",3,5,3,4,4,2,4,5
"AAAGCAGATTATCC.1_S",2,2,4,1,4,1,4,4
"AAAGCCTGATCGGT.1_S",3,5,3,4,4,2,4,4
"AAAGCCTGCAGGAG.1_S",3,5,3,4,4,2,4,4
"AAAGCCTGCTAGCA.1_S",3,5,3,4,4,2,4,4
"AAAGCCTGGAAGGC.1_S",3,1,4,1,4,2,4,4
"AAAGCCTGGCATAC.1_S",5,1,3,4,4,2,1,1
"AAAGCCTGGTCACA.1_S",3,5,3,4,4,2,4,4
"AAAGCCTGGTTCGA.1_S",3,1,4,4,4,2,4,4
"AAAGGCCTATTCGG.1_S",5,1,4,4,4,2,4,4
"AAAGGCCTCGTAGT.1_S",4,7,3,2,6,5,5,5
"AAAGGCCTTATGCG.1_S",2,5,3,4,4,2,4,4
"AAAGGCCTTCTTTG.1_S",3,5,3,4,4,2,4,4
"AAAGTTTGAAAGTG.1_S",3,5,3,2,4,2,2,4
"AAAGTTTGGATACC.1_S",3,1,3,4,4,2,4,4
"AAAGTTTGGTAAAG.1_S",3,1,4,4,4,2,4,4
"AAAGTTTGGTTACG.1_S",3,1,3,4,4,2,4,4
"AAAGTTTGTCGATG.1_S",4,7,3,2,6,6,5,7
"AAAGTTTGTGGATC.1_S",3,5,3,4,4,2,4,4
"AAATACTGAGTGTC.1_S",3,5,3,4,4,2,4,4
"AAATACTGGGTGGA.1_S",1,4,2,3,1,3,1,1
"AAATACTGGGTTAC.1_S",3,5,3,4,4,2,4,4
"AAATCAACCTAGAC.1_S",3,5,3,4,4,2,4,4
"AAATCAACCTTACT.1_S",3,5,3,4,4,2,4,4
"AAATCAACGAGGTG.1_S",3,5,3,4,4,2,4,4
"AAATCAACGGAAGC.1_S",3,5,3,4,4,2,4,4
"AAATCAACGTTAGC.1_S",3,5,3,4,4,2,4,4
"AAATCATGCCGATA.1_S",3,5,3,4,4,2,4,4
"AAATCATGGAGCAG.1_S",1,1,1,2,3,3,2,1
"AAATCATGGAGGCA.1_S",3,5,3,4,4,2,4,4
"AAATCATGGCAGAG.1_S",2,1,4,2,3,2,2,4
"AAATCATGGTTGTG.1_S",3,5,3,4,4,2,4,4
"AAATCATGTAAGCC.1_S",3,5,3,4,4,2,4,4
"AAATCATGTAGACC.1_S",1,1,2,3,1,3,1,1
"AAATCATGTCCAAG.1_S",3,1,4,4,4,2,4,4
"AAATCCCTACTTTC.1_S",3,5,3,4,4,2,4,4
"AAATCCCTCGTAAC.1_S",5,1,4,4,4,2,4,4
"AAATCCCTCTTCGC.1_S",3,5,3,4,4,2,4,4
"AAATCCCTGAAACA.1_S",3,5,3,4,4,2,4,4
"AAATCCCTGAGGGT.1_S",2,5,4,1,4,1,3,4
"AAATCCCTGTACAC.1_S",2,3,4,4,4,2,3,3
"AAATCTGAAACGTC.1_S",3,5,3,4,4,2,4,4
"AAATCTGACTAGTG.1_S",3,1,3,2,6,2,5,4
"AAACATACCCAATG.1_NK",4,6,5,5,6,4,5,5
"AAACATACGACGTT.1_NK",5,6,5,7,5,4,6,5
"AAACATACTCACCC.1_NK",4,7,5,5,6,4,5,5
"AAACATACTCAGAC.1_NK",4,6,5,5,6,4,5,5
"AAACATTGAACAGA.1_NK",4,6,5,5,6,4,7,5
"AAACATTGGACTAC.1_NK",4,7,5,5,6,4,5,5
"AAACATTGGTCATG.1_NK",4,6,5,7,5,4,6,5
"AAACATTGGTTCGA.1_NK",4,7,5,5,6,4,5,5
"AAACATTGTGCAGT.1_NK",4,6,5,7,5,4,6,5
"AAACATTGTTTCAC.1_NK",4,6,5,7,5,4,6,5
"AAACCGTGACGCTA.1_NK",4,7,5,5,6,4,5,5
"AAACCGTGACGGAG.1_NK",5,6,5,5,6,4,5,5
"AAACCGTGATACCG.1_NK",4,6,5,5,6,4,5,5
"AAACCGTGCAGCTA.1_NK",4,7,5,5,6,4,5,5
"AAACCGTGCCGTTC.1_NK",4,6,5,7,5,4,6,6
"AAACCGTGCTCAAG.1_NK",4,6,5,6,6,4,7,5
"AAACCGTGGCTATG.1_NK",5,6,5,7,5,4,4,5
"AAACCGTGTGGATC.1_NK",4,7,5,7,5,4,6,5
"AAACCGTGTGTCTT.1_NK",4,6,5,5,6,4,5,5
"AAACCGTGTTGAGC.1_NK",4,6,5,7,5,4,6,5
"AAACGCACAGCCTA.1_NK",5,6,5,7,5,4,6,5
"AAACGCACCTGGTA.1_NK",4,6,5,7,5,4,6,5
"AAACGCACTAAGCC.1_NK",5,7,5,5,6,5,5,6
"AAACGCACTAGACC.1_NK",4,6,5,5,6,4,7,5
"AAACGCACTCTCCG.1_NK",5,7,6,6,6,5,7,6
"AAACGCACTTCAGG.1_NK",4,6,5,7,5,4,6,5
"AAACGCTGCCCTCA.1_NK",4,6,5,5,6,4,5,5
"AAACGCTGGACTAC.1_NK",4,6,5,7,5,4,6,5
"AAACGGCTAAACAG.1_NK",4,7,5,5,6,4,5,5
"AAACGGCTCCGTTC.1_NK",4,6,5,5,6,4,5,5
"AAACGGCTGTCAAC.1_NK",4,6,5,7,5,4,4,5
"AAACGGCTTAACCG.1_NK",4,7,5,5,6,4,5,5
"AAACGGCTTCTTAC.1_NK",5,7,5,5,6,4,5,5
"AAACGGCTTGGCAT.1_NK",5,6,5,5,6,6,5,5
"AAACTTGAAAGGGC.1_NK",4,6,5,7,5,4,6,5
"AAACTTGACCTTAT.1_NK",4,7,5,5,6,4,5,5
"AAACTTGACTGTAG.1_NK",4,6,5,7,5,4,6,5
"AAACTTGAGCCTTC.1_NK",4,6,5,5,6,4,5,5
"AAACTTGAGTCATG.1_NK",4,7,5,7,5,4,6,5
"AAACTTGATCCCGT.1_NK",4,6,5,5,6,4,5,5
"AAACTTGATGGTCA.1_NK",4,6,5,5,6,4,5,5
"AAAGACGACTCTCG.1_NK",4,7,5,7,5,4,6,6
"AAAGACGATAACGC.1_NK",4,6,5,5,6,4,7,5
"AAAGACGATACGAC.1_NK",4,6,5,5,6,4,5,5
"AAAGACGATAGTCG.1_NK",4,7,5,5,6,4,5,5
"AAAGACGATATTCC.1_NK",4,6,5,5,6,4,5,5
"AAAGACGATTCACT.1_NK",4,6,5,5,6,4,5,5
"AAAGAGACAGTTCG.1_NK",4,7,5,5,6,4,5,5
"AAAGAGACATAAGG.1_NK",4,7,5,5,6,4,5,5
"AAAGAGACATGACC.1_NK",4,6,5,5,6,4,5,5
"AAAGAGACCATCAG.1_NK",4,6,5,5,6,4,5,5
"AAAGAGACCCCACT.1_NK",4,6,5,7,5,6,6,5
"AAAGAGACCTAGCA.1_NK",4,7,5,7,5,4,4,5
"AAAGAGACGTACAC.1_NK",4,6,5,5,6,4,5,5
"AAAGAGACGTAGGG.1_NK",4,6,5,5,6,4,5,5
"AAAGATCTACTTTC.1_NK",4,6,5,7,5,4,6,5
"AAAGATCTCTTCCG.1_NK",4,6,5,5,6,4,5,5
"AAAGATCTGCCAAT.1_NK",4,6,5,7,5,4,6,5
"AAAGATCTTTTCTG.1_NK",4,7,5,5,6,4,5,5
"AAAGCAGAAGCACT.1_NK",4,6,5,7,5,4,6,5
"AAAGCAGAGGTGGA.1_NK",4,6,5,5,6,4,5,5
"AAAGCAGATGCAAC.1_NK",4,6,5,7,5,4,6,5
"AAAGCAGATGGTTG.1_NK",4,6,5,7,5,4,6,5
"AAAGCCTGGATGAA.1_NK",4,7,5,7,5,4,6,5
"AAAGCCTGGTGAGG.1_NK",4,6,5,7,5,4,6,5
"AAAGCCTGTACTCT.1_NK",4,6,5,5,6,4,7,7
"AAAGGCCTAGTACC.1_NK",4,6,5,7,5,4,6,5
"AAAGGCCTATCACG.1_NK",5,7,5,5,6,4,7,5
"AAAGGCCTATTGGC.1_NK",4,6,5,7,5,4,6,5
"AAAGGCCTCGACTA.1_NK",4,6,5,5,6,4,5,5
"AAAGGCCTCTACGA.1_NK",4,6,5,5,6,4,5,5
"AAAGGCCTCTGGTA.1_NK",4,6,5,7,5,4,6,5
"AAAGGCCTCTTCCG.1_NK",4,7,5,7,5,4,6,5
"AAAGGCCTGCCTTC.1_NK",4,7,5,5,6,4,5,6
"AAAGTTTGAAGTGA.1_NK",4,6,5,5,6,4,5,5
"AAAGTTTGAGTGTC.1_NK",4,7,5,5,6,4,5,5
"AAAGTTTGTCCTAT.1_NK",4,6,5,5,6,4,7,7
"AAAGTTTGTGCCTC.1_NK",4,6,5,5,6,4,5,5
"AAAGTTTGTGGGAG.1_NK",4,6,5,7,5,4,6,5
"AAATACTGCATCAG.1_NK",4,6,5,5,6,4,5,5
"AAATACTGCTTGTT.1_NK",4,6,5,5,6,4,5,5
"AAATACTGGCGAAG.1_NK",4,7,5,5,6,4,5,5
"AAATACTGGCTAAC.1_NK",4,7,5,5,6,4,5,5
"AAATACTGTCGTTT.1_NK",4,7,5,5,6,4,5,5
"AAATCAACCATTGG.1_NK",4,6,5,7,5,4,6,5
"AAATCAACCCTATT.1_NK",4,7,5,5,6,4,7,5
"AAATCAACTCACGA.1_NK",4,6,5,5,6,4,7,5
"AAATCATGGGACTT.1_NK",5,7,5,7,5,4,6,6
"AAATCCCTACAGCT.1_NK",4,7,5,5,6,4,5,5
"AAATCCCTACCTTT.1_NK",4,6,5,5,6,4,7,5
"AAATCCCTATTGGC.1_NK",4,7,5,5,6,4,5,5
"AAATCCCTCATGAC.1_NK",4,6,5,5,6,4,5,5
"AAATCCCTCGTGAT.1_NK",4,6,5,7,5,4,6,5
"AAATCCCTCTCGCT.1_NK",4,7,5,5,6,4,5,5
"AAATCCCTCTGACA.1_NK",5,7,5,7,5,4,1,5
"AAATCCCTTCACCC.1_NK",4,6,5,5,6,4,5,5
"AAATCCCTTCAGAC.1_NK",4,7,5,5,6,4,5,5
"AAATCTGAACGACT.1_NK",4,6,5,7,5,4,6,7
"AAATCTGATACTCT.1_NK",4,6,5,5,6,4,5,5
"AAATCTGATCCTCG.1_NK",4,7,5,5,6,4,5,5
"AAACATACCAGTCA.1_N",5,6,6,6,6,5,7,7
"AAACATACGGTATC.1_N",5,6,6,6,6,6,7,7
"AAACATACTCCGAA.1_N",5,7,6,6,6,5,7,6
"AAACATACTGATGC.1_N",5,6,6,6,6,6,7,7
"AAACATACTGCACA.1_N",4,7,6,6,6,5,7,6
"AAACATTGAAAACG.1_N",5,6,6,3,5,6,6,7
"AAACATTGCAGCTA.1_N",5,7,6,6,6,5,7,6
"AAACATTGCTTGAG.1_N",5,6,6,6,6,6,7,7
"AAACATTGGAATCC.1_N",5,7,6,7,5,5,6,6
"AAACATTGGCCTTC.1_N",5,6,6,6,6,6,7,7
"AAACATTGGTGCTA.1_N",5,7,6,6,6,5,7,6
"AAACCGTGATAAGG.1_N",5,6,6,3,5,6,6,7
"AAACCGTGCACCAA.1_N",5,7,6,6,6,5,7,6
"AAACCGTGGCATAC.1_N",5,6,5,6,6,6,7,7
"AAACCGTGGCTTCC.1_N",5,7,6,6,6,5,7,6
"AAACCGTGGGTTCA.1_N",5,7,6,6,6,5,7,6
"AAACCGTGGTAGGG.1_N",5,7,6,6,6,5,7,6
"AAACCGTGGTGCTA.1_N",5,6,6,3,5,6,6,6
"AAACCGTGGTTGTG.1_N",5,7,6,6,6,5,7,6
"AAACCGTGTGCAGT.1_N",5,6,6,6,6,6,5,7
"AAACGCACAAACAG.1_N",5,7,6,6,6,5,7,6
"AAACGCACAACGAA.1_N",5,6,6,6,6,6,7,7
"AAACGCACAGATCC.1_N",5,7,6,6,6,5,5,6
"AAACGCACCATTTC.1_N",5,6,6,3,5,6,6,7
"AAACGCACGACTAC.1_N",5,7,6,6,6,5,5,6
"AAACGCACGTGCAT.1_N",5,6,6,3,5,6,6,7
"AAACGCACTCTCTA.1_N",5,6,6,6,6,6,7,7
"AAACGCTGACACGT.1_N",5,6,6,3,5,6,6,7
"AAACGCTGACCTGA.1_N",5,7,6,6,6,5,7,6
"AAACGCTGATAAGG.1_N",5,7,6,3,5,5,6,6
"AAACGCTGCCAACA.1_N",5,6,6,6,6,6,7,7
"AAACGCTGCTACGA.1_N",5,7,6,6,6,5,7,6
"AAACGCTGGACTAC.1_N",5,6,5,6,6,6,7,7
"AAACGCTGGGTATC.1_N",5,7,6,6,6,5,7,6
"AAACGCTGGTACGT.1_N",5,7,6,6,6,4,7,6
"AAACGGCTAGCTCA.1_N",4,6,6,7,5,6,6,7
"AAACGGCTAGGGTG.1_N",5,7,5,7,5,5,6,7
"AAACGGCTATGTGC.1_N",5,6,6,3,5,6,6,7
"AAACGGCTCGGAGA.1_N",5,6,6,6,6,6,7,7
"AAACGGCTCTAGTG.1_N",5,7,6,6,6,5,7,6
"AAACGGCTTAGCGT.1_N",5,6,6,3,5,6,6,6
"AAACGGCTTGAACC.1_N",5,7,6,6,6,5,7,6
"AAACTTGAAGTGCT.1_N",5,6,6,6,6,6,7,7
"AAACTTGACACTTT.1_N",5,7,6,6,6,5,7,6
"AAACTTGACCGCTT.1_N",5,6,6,6,6,6,7,7
"AAACTTGACGGGAA.1_N",5,7,6,6,6,5,7,6
"AAACTTGACTCCCA.1_N",5,7,6,6,5,6,6,6
"AAACTTGAGGTGTT.1_N",5,7,6,3,5,5,6,6
"AAACTTGAGTTCAG.1_N",5,6,6,6,6,6,5,7
"AAACTTGATCCGAA.1_N",5,6,6,6,6,6,7,7
"AAACTTGATCCTTA.1_N",5,7,6,6,6,5,7,6
"AAACTTGATGACAC.1_N",5,6,6,3,5,6,6,7
"AAAGACGAACGACT.1_N",5,6,5,3,5,6,6,7
"AAAGACGAAGCGGA.1_N",5,7,6,6,6,5,7,6
"AAAGACGACCCACT.1_N",5,7,5,6,6,5,5,5
"AAAGACGACTAGAC.1_N",5,7,6,6,6,5,7,6
"AAAGACGACTGTAG.1_N",4,6,5,6,6,6,7,7
"AAAGACGATCCTAT.1_N",5,6,6,6,6,6,7,7
"AAAGAGACAGTCTG.1_N",5,6,6,6,6,6,5,7
"AAAGAGACCCTCCA.1_N",5,6,6,3,5,6,6,6
"AAAGAGACCTCTAT.1_N",5,6,6,6,6,6,7,7
"AAAGAGACCTGGTA.1_N",5,7,6,6,6,5,5,6
"AAAGAGACCTTACT.1_N",5,6,6,6,6,6,7,7
"AAAGAGACTCCTCG.1_N",4,6,5,6,6,6,5,7
"AAAGAGACTTCCGC.1_N",5,7,6,6,5,6,6,6
"AAAGATCTCAGTTG.1_N",5,7,6,3,5,5,6,6
"AAAGATCTGCCTTC.1_N",5,6,6,6,6,6,7,7
"AAAGATCTTTTACC.1_N",5,6,6,3,5,6,6,7
"AAAGATCTTTTGCT.1_N",5,6,6,3,5,6,6,7
"AAAGCAGAACGACT.1_N",5,6,6,6,6,6,7,7
"AAAGCAGAACGTTG.1_N",5,6,6,6,6,6,7,7
"AAAGCAGAAGAACA.1_N",5,7,5,6,6,5,7,6
"AAAGCAGACTACGA.1_N",5,7,6,3,5,5,6,6
"AAAGCAGAGCTAAC.1_N",5,6,6,6,6,6,7,7
"AAAGCAGATATGGC.1_N",5,7,6,6,6,5,7,6
"AAAGCAGATCCTTA.1_N",5,7,6,6,6,5,7,6
"AAAGCAGATCTTTG.1_N",5,7,5,6,6,5,7,7
"AAAGCAGATTCGCC.1_N",5,6,6,6,6,6,7,7
"AAAGCCTGAACCAC.1_N",4,6,6,5,6,6,7,7
"AAAGCCTGACGGTT.1_N",5,6,6,6,6,6,7,7
"AAAGCCTGAGAGGC.1_N",4,6,6,6,6,6,5,7
"AAAGCCTGATTCCT.1_N",5,6,6,3,5,6,6,7
"AAAGCCTGCTCAGA.1_N",5,6,6,6,6,6,7,7
"AAAGCCTGCTCCAC.1_N",5,6,6,3,5,6,6,7
"AAAGCCTGCTGTCC.1_N",5,7,5,6,6,5,7,6
"AAAGCCTGGAACCT.1_N",5,6,6,3,5,6,6,7
"AAAGGCCTAAGTGA.1_N",5,7,5,6,6,5,5,7
"AAAGGCCTACGGGA.1_N",5,6,6,6,6,6,7,7
"AAAGGCCTATCTCT.1_N",5,6,6,6,6,6,7,7
"AAAGGCCTGACACT.1_N",4,6,6,6,6,6,7,7
"AAAGGCCTGGCAAG.1_N",5,6,6,6,6,6,7,7
"AAAGTTTGACACAC.1_N",5,6,6,6,6,6,7,7
"AAAGTTTGCTCCCA.1_N",4,6,6,6,6,4,5,7
"AAAGTTTGTATGCG.1_N",5,7,6,6,6,5,7,6
"AAAGTTTGTCTACT.1_N",5,6,6,7,5,6,6,7
"AAAGTTTGTTGCAG.1_N",5,7,6,6,6,5,7,6
"AAATACTGACCAGT.1_N",4,6,6,3,5,6,6,7
"AAATACTGAGTCTG.1_N",5,7,6,3,5,5,6,6
"AAATACTGCGTACA.1_N",5,6,5,6,6,6,7,7
"AAATACTGGCGAGA.1_N",5,7,6,6,6,5,7,7
